Source,Target,Type,Id,Weight
USA,CHN,Directed,1551,592537867
JPN,CHN,Directed,778,588898212
MEX,USA,Directed,891,324659175
USA,CAN,Directed,1548,257315868
CAN,USA,Directed,230,188435086
NLD,CHN,Directed,920,147364189
DEU,NLD,Directed,473,132593653
DEU,CHN,Directed,457,124081847
KOR,CHN,Directed,1060,104591348
FRA,ITA,Directed,405,96582533
DEU,ITA,Directed,469,84910992
USA,MEX,Directed,1577,82644155
THA,CHN,Directed,1319,81857163
NLD,BEL,Directed,917,72695108
CAN,CHN,Directed,214,64983583
BEL,CHN,Directed,106,60685929
MYS,CHN,Directed,838,60303595
BEL,NLD,Directed,125,60279605
FRA,BEL,Directed,396,55910984
DEU,BEL,Directed,453,55653986
AUS,CHN,Directed,22,53025284
IDN,CHN,Directed,624,49387736
DEU,USA,Directed,495,45105454
FRA,ESP,Directed,416,41062134
BEL,DEU,Directed,112,40504404
FRA,NLD,Directed,411,39238962
NLD,DEU,Directed,926,39096380
NLD,IRL,Directed,930,38378790
DEU,CHE,Directed,488,37823737
ITA,USA,Directed,732,32319223
KWT,CHN,Directed,1961,31897839
GBR,CHN,Directed,1407,30749175
USA,IND,Directed,1589,30314339
SGP,CHN,Directed,1153,28851175
BEL,ITA,Directed,117,28113287
USA,ITA,Directed,1569,26646455
FRA,DEU,Directed,401,25679913
CHE,DEU,Directed,1287,25556965
BEL,FRA,Directed,111,25438089
BEL,USA,Directed,145,25157938
BEL,IND,Directed,134,24363453
SAU,CHN,Directed,1119,23198563
CHN,USA,Directed,258,23137211
FRA,USA,Directed,421,22881645
PHL,CHN,Directed,1016,22292268
DEU,DNK,Directed,460,20845009
DEU,LTU,Directed,472,20251400
DEU,IRL,Directed,467,20147958
DEU,GBR,Directed,494,19272217
GBR,DEU,Directed,1416,19075355
NLD,ITA,Directed,932,18030894
CHN,MAC,Directed,262,17897186
NLD,USA,Directed,956,17599011
GBR,USA,Directed,1453,17134699
FRA,CHN,Directed,402,16829864
DEU,ESP,Directed,486,16394443
SWE,NLD,Directed,1269,16352342
CHE,ITA,Directed,1292,15705188
DEU,PHL,Directed,477,15299133
MEX,CHN,Directed,876,14800130
NOR,SWE,Directed,997,14688274
MYS,THA,Directed,850,14507166
AUT,DEU,Directed,52,14021210
NLD,FRA,Directed,925,13941639
DEU,AUT,Directed,451,13711959
JPN,KOR,Directed,783,13536481
GBR,ITA,Directed,1424,13410195
GBR,IND,Directed,1443,12718301
DEU,CZE,Directed,459,12714592
DEU,FRA,Directed,461,11436203
AUT,ITA,Directed,56,11300197
SGP,MYS,Directed,1158,10504692
DEU,IND,Directed,483,9313274
BEL,GBR,Directed,144,9246934
ITA,DEU,Directed,698,9200659
ITA,IRL,Directed,703,8955523
GBR,IRL,Directed,1422,8819040
NLD,IND,Directed,944,8702274
DEU,JPN,Directed,470,8511972
USA,ESP,Directed,1592,8295974
AUT,CHE,Directed,68,8126760
ITA,CHE,Directed,724,7816485
FRA,IND,Directed,436,7263618
CZE,DEU,Directed,321,6967136
DEU,GRC,Directed,463,6957923
NLD,GBR,Directed,955,6912684
MAR,FRA,Directed,911,6894558
CHE,NLD,Directed,1293,6767102
NLD,GRC,Directed,927,6669443
NLD,PHL,Directed,939,6664249
CHE,FRA,Directed,1286,6484153
IDN,IND,Directed,628,6420906
GBR,BEL,Directed,1402,6394252
POL,DEU,Directed,1033,6200454
USA,BEL,Directed,1543,5994951
NZL,CHN,Directed,980,5969668
AUT,NLD,Directed,58,5940247
GBR,NLD,Directed,1433,5929643
DEU,PRT,Directed,479,5844015
ESP,USA,Directed,1229,5560368
SVN,ITA,Directed,1196,5470747
CHE,IRL,Directed,1291,5426916
ITA,GBR,Directed,731,5422740
GBR,MAR,Directed,1488,5393447
USA,GBR,Directed,1599,5210473
DNK,SWE,Directed,349,4878584
ITA,NLD,Directed,710,4877445
DNK,DEU,Directed,342,4671570
NOR,DEU,Directed,992,4656968
FRA,IRL,Directed,403,4648194
SWE,CHN,Directed,1252,4627954
JPN,USA,Directed,794,4580744
ESP,ITA,Directed,1217,4423201
ESP,MAR,Directed,1221,4332588
NLD,BGR,Directed,918,4328837
NOR,NLD,Directed,996,4178513
NOR,DNK,Directed,988,4155103
AUS,USA,Directed,36,4089467
FRA,GBR,Directed,420,3999711
USA,CHL,Directed,1550,3996616
NLD,PAK,Directed,938,3952234
MEX,IRL,Directed,882,3930499
MAC,CHN,Directed,293,3923907
DNK,NLD,Directed,347,3578837
ITA,FRA,Directed,697,3578331
FIN,DEU,Directed,381,3564359
ESP,FRA,Directed,1212,3536521
BEL,ESP,Directed,136,3507321
KOR,FRA,Directed,2252,3486875
THA,IND,Directed,1327,3357661
SWE,DNK,Directed,1255,3266875
BLR,DEU,Directed,84,3238778
ARG,CHN,Directed,5,3230703
USA,KOR,Directed,1573,3174121
CHL,BRA,Directed,240,3152000
KOR,IND,Directed,1072,3142548
NLD,ESP,Directed,948,3119579
POL,ITA,Directed,1035,3098446
NZL,AUS,Directed,979,3094310
PAK,EGY,Directed,2150,3030812
GBR,FRA,Directed,1414,2993752
USA,DOM,Directed,1554,2968678
USA,DEU,Directed,1558,2900154
TUR,BEL,Directed,1356,2885432
ITA,KEN,Directed,748,2863875
ESP,PRT,Directed,1225,2815177
KOR,USA,Directed,1076,2781609
GBR,ESP,Directed,1445,2780038
SWE,LVA,Directed,1267,2760139
USA,GTM,Directed,1560,2728724
USA,CRI,Directed,1553,2703498
USA,TUR,Directed,1598,2695764
CHE,BEL,Directed,1284,2667510
ITA,BEL,Directed,685,2664934
FRA,MAR,Directed,410,2630658
KOR,GBR,Directed,3281,2616250
KOR,ITA,Directed,1065,2611667
SWE,DEU,Directed,1259,2606500
IRL,USA,Directed,654,2575526
GBR,ETH,Directed,1468,2562357
BEL,GRC,Directed,113,2499762
CZE,ITA,Directed,332,2471595
AUT,CHN,Directed,53,2459230
SVK,CZE,Directed,1169,2446286
NLD,AUT,Directed,915,2418030
TUR,IRL,Directed,1359,2408779
JPN,IND,Directed,790,2396834
MEX,DEU,Directed,878,2364302
USA,PAN,Directed,1583,2313323
JPN,MAC,Directed,784,2273088
PRK,CHN,Directed,1959,2271897
MYS,SGP,Directed,848,2265271
DEU,POL,Directed,478,2215893
ARG,USA,Directed,10,2199325
CAN,IND,Directed,225,2118577
SAU,PAK,Directed,1125,2108437
KOR,PHL,Directed,1069,2101998
DEU,CAN,Directed,1910,2080124
KOR,DEU,Directed,1062,2065015
DNK,GBR,Directed,351,2048826
AUT,SVN,Directed,65,2010159
USA,HND,Directed,1562,1988755
AUT,FRA,Directed,51,1949014
SWE,ITA,Directed,1265,1939296
IDN,GBR,Directed,3276,1933875
KOR,CAN,Directed,1915,1918374
USA,SLV,Directed,1556,1913751
PRT,ESP,Directed,1049,1911612
LVA,DEU,Directed,821,1874982
SWE,NOR,Directed,1271,1871542
USA,CHE,Directed,1594,1868442
ITA,CHN,Directed,690,1856846
ESP,DEU,Directed,1213,1855455
IND,CHN,Directed,604,1855237
GBR,CAN,Directed,1405,1832255
ESP,IRL,Directed,1215,1823713
FRA,PRT,Directed,414,1816973
ITA,MAR,Directed,709,1794831
MAR,NLD,Directed,912,1788545
POL,NLD,Directed,1036,1787742
USA,SYR,Directed,1595,1784679
BGD,ETH,Directed,2196,1776437
USA,MYS,Directed,1576,1770199
IRL,GBR,Directed,653,1750286
MYS,IDN,Directed,841,1747323
DEU,HUN,Directed,465,1701637
MEX,ITA,Directed,883,1692589
SVN,DEU,Directed,1194,1674738
GBR,KEN,Directed,1426,1670298
CAN,GBR,Directed,229,1663404
SVK,ITA,Directed,1174,1652785
IRN,IRL,Directed,639,1644577
PRT,USA,Directed,1051,1620815
HUN,ITA,Directed,580,1586188
USA,COL,Directed,1552,1569165
BRA,CHN,Directed,194,1519870
URY,CHN,Directed,1533,1511513
FRA,CHE,Directed,418,1485734
CHN,JPN,Directed,250,1485561
ARG,BRA,Directed,2,1475475
DEU,LVA,Directed,471,1475327
BEL,CAN,Directed,104,1459259
ESP,GBR,Directed,1228,1434587
VEN,COL,Directed,1716,1427134
IDN,THA,Directed,3177,1411565
USA,VEN,Directed,1601,1395425
THA,CAN,Directed,1318,1386437
BEL,PRT,Directed,130,1385815
ITA,ESP,Directed,722,1349282
POL,BEL,Directed,1031,1340453
ECU,COL,Directed,361,1336382
DNK,CHN,Directed,343,1328608
AUS,CHE,Directed,34,1326000
SVK,DEU,Directed,1171,1324865
IRN,TUR,Directed,640,1316375
BEL,AUT,Directed,102,1314981
USA,BRA,Directed,1546,1309279
SGP,USA,Directed,1165,1305418
CHN,VNM,Directed,255,1298850
SWE,LTU,Directed,1268,1282468
DNK,USA,Directed,352,1269374
ISL,NLD,Directed,595,1258000
CHL,CHN,Directed,241,1247125
VEN,IRL,Directed,1717,1230992
CAN,ITA,Directed,221,1226628
ITA,CAN,Directed,688,1222206
DEU,BGR,Directed,454,1211342
KOR,JPN,Directed,1066,1208011
NLD,CHE,Directed,950,1199701
ESP,BEL,Directed,1207,1172556
CHE,USA,Directed,1299,1167853
GRC,ITA,Directed,553,1167258
LVA,NLD,Directed,823,1165546
USA,THA,Directed,1596,1163571
RUS,DEU,Directed,1101,1144002
PAK,CHN,Directed,1968,1141937
CHL,USA,Directed,243,1129045
NLD,DNK,Directed,923,1115552
USA,NLD,Directed,1578,1109243
RUS,USA,Directed,1108,1103436
USA,PER,Directed,1584,1095278
ECU,CRI,Directed,362,1079312
USA,NIC,Directed,1580,1077679
FRA,DZA,Directed,394,1076971
ESP,CHN,Directed,1210,1076743
AUT,CZE,Directed,49,1074694
JPN,PHL,Directed,789,1072527
CHN,CAN,Directed,246,1057323
DNK,CHE,Directed,350,1057092
AUT,HUN,Directed,54,1053700
SGP,CAN,Directed,1151,1051500
ITA,POL,Directed,714,1048048
PAN,CRI,Directed,1006,1042154
PRT,AUT,Directed,1041,1040046
USA,MAR,Directed,1646,1036298
BEL,DNK,Directed,109,1023796
MYS,IND,Directed,847,1021308
IDN,DEU,Directed,633,1020090
NLD,SAU,Directed,943,1019009
BEL,PAK,Directed,127,1018983
USA,ECU,Directed,1555,1016595
SLV,GTM,Directed,368,1008886
ROU,GRC,Directed,1088,996234
USA,FRA,Directed,1557,992741
CHN,SGP,Directed,254,987697
CHN,MYS,Directed,252,976223
SAU,IRL,Directed,2527,962250
PRT,ITA,Directed,1045,962135
CHE,PRT,Directed,1294,958764
DEU,SWE,Directed,487,949890
HUN,DEU,Directed,579,945748
FRA,CAN,Directed,399,943764
PRY,BRA,Directed,1012,940977
GBR,ISR,Directed,1423,938583
THA,USA,Directed,1332,936984
POL,USA,Directed,1037,931218
JPN,THA,Directed,792,924901
ITA,IND,Directed,719,917577
HUN,AUT,Directed,575,912223
DEU,SAU,Directed,2990,904999
BEL,IRL,Directed,2512,898628
AUS,ITA,Directed,24,897830
SWE,USA,Directed,1276,896927
LBY,MAR,Directed,2794,895000
BEL,LKA,Directed,105,888405
FIN,USA,Directed,391,887170
CHN,KOR,Directed,251,881237
ESP,DZA,Directed,1230,880015
IDN,JPN,Directed,634,879495
BEL,CHE,Directed,138,878909
ARE,CHN,Directed,2036,872257
RUS,UKR,Directed,1107,863154
PRT,DEU,Directed,1044,848415
GBR,PAK,Directed,1437,847241
MLT,ITA,Directed,860,845651
RUS,LTU,Directed,1104,830149
IRL,DEU,Directed,644,828942
SAU,EGY,Directed,1135,819922
CZE,GRC,Directed,2388,814312
NLD,CAN,Directed,919,806612
ESP,BRA,Directed,1208,806060
CAN,MEX,Directed,223,805230
BLR,LTU,Directed,91,803069
DEU,TUR,Directed,492,795562
CHE,ESP,Directed,1296,795102
UKR,DEU,Directed,1390,790745
KOR,ESP,Directed,3098,784312
ISR,DEU,Directed,666,783770
JPN,MYS,Directed,785,781296
SWE,GBR,Directed,1275,774531
VEN,ESP,Directed,1720,772676
NOR,USA,Directed,1000,772566
ESP,SAU,Directed,1226,768580
MKD,SCG,Directed,1311,767687
USA,SGP,Directed,1590,764254
ITA,GRC,Directed,699,763596
SWE,BEL,Directed,1277,763338
BGR,TUR,Directed,206,757387
ROU,TUR,Directed,1099,752115
DEU,KOR,Directed,510,747291
ROU,ITA,Directed,1090,738925
CHN,BEL,Directed,270,736990
SGP,PAK,Directed,1162,736218
BEL,TUR,Directed,142,734242
IDN,KOR,Directed,626,732140
USA,BOL,Directed,1545,729264
FIN,CHN,Directed,378,725045
AUT,SVK,Directed,64,723523
CHE,CHN,Directed,1288,720447
DEU,SVK,Directed,484,716858
PRT,FRA,Directed,1043,712029
USA,NGA,Directed,1581,695107
GRC,BGR,Directed,550,685503
BEL,SAU,Directed,133,685070
SVK,AUT,Directed,1167,681744
IDN,USA,Directed,630,679927
TUN,ITA,Directed,1354,674284
JPN,CAN,Directed,777,674171
PRT,NLD,Directed,1048,670412
JPN,SGP,Directed,3037,669449
CAN,KOR,Directed,233,664144
PHL,USA,Directed,1027,660957
BLR,RUS,Directed,85,652269
RUS,CHN,Directed,1116,647513
BGR,GRC,Directed,202,645612
AUT,ESP,Directed,66,644888
DZA,BEL,Directed,1802,644750
CHE,AUT,Directed,1283,644300
DEU,BGD,Directed,452,640000
URY,BRA,Directed,1532,636142
SAU,ARE,Directed,1132,635655
BGR,SCG,Directed,205,633138
BEL,MYS,Directed,124,629260
SWE,EST,Directed,1256,625789
RUS,TUR,Directed,1106,622428
TUR,ITA,Directed,1360,620610
IND,SAU,Directed,610,619624
SGP,NZL,Directed,1161,612166
HND,CRI,Directed,570,611820
HRV,SVN,Directed,311,609993
USA,PAK,Directed,1582,609667
DNK,NOR,Directed,348,603148
FIN,ESP,Directed,3112,599687
AUT,BGR,Directed,46,596952
ITA,AUT,Directed,684,592660
NLD,ISR,Directed,931,589517
DEU,ARE,Directed,490,586000
CZE,AUT,Directed,317,585504
MEX,IND,Directed,903,582089
ISL,IRL,Directed,593,577500
USA,ZWE,Directed,1665,573562
THA,PAK,Directed,1326,573437
SAU,MAR,Directed,1140,569375
THA,MYS,Directed,1325,568272
GRC,ISR,Directed,2556,564184
DEU,NOR,Directed,475,556750
HRV,NLD,Directed,310,551265
MYS,USA,Directed,851,540654
DEU,PAK,Directed,476,540000
FIN,NOR,Directed,386,539229
NLD,MYS,Directed,2755,538623
ESP,NLD,Directed,1222,531940
MUS,MDG,Directed,866,524995
DEU,SVN,Directed,485,524792
CHN,MMR,Directed,271,518000
ITA,ALB,Directed,683,514749
AUT,USA,Directed,71,513921
POL,IRL,Directed,1034,510471
ITA,SVN,Directed,721,509194
KOR,IRL,Directed,2521,508000
PAK,SAU,Directed,2994,499284
FRA,MYS,Directed,408,498573
NOR,GBR,Directed,999,497280
BEL,HRV,Directed,151,491543
CHN,PAK,Directed,281,488000
ARE,IND,Directed,2468,487401
SVK,HUN,Directed,1173,486401
BEL,CZE,Directed,107,483029
MEX,ESP,Directed,887,483021
SVN,AUT,Directed,1191,479453
GRC,DEU,Directed,552,477090
PAN,CHL,Directed,1004,473701
CAN,ESP,Directed,234,473128
BEL,ARE,Directed,140,471929
KOR,ISR,Directed,1064,471680
CHN,PHL,Directed,282,462884
DZA,NLD,Directed,1,462250
ESP,CAN,Directed,1209,455042
CZE,DNK,Directed,320,454332
COL,PER,Directed,296,448592
GBR,CHL,Directed,1461,445180
IDN,MYS,Directed,627,445098
GBR,GRC,Directed,1418,444108
ISR,USA,Directed,680,441544
GBR,JPN,Directed,1425,440874
SWE,FRA,Directed,1258,437975
USA,BEN,Directed,1619,437972
CYP,GRC,Directed,316,436469
AUS,NZL,Directed,28,434064
ISL,CAN,Directed,590,432298
BEL,SGP,Directed,135,430509
IND,EGY,Directed,619,429907
MEX,NLD,Directed,884,424276
CHN,IND,Directed,285,423057
CHN,THA,Directed,266,420997
AUT,SCG,Directed,72,414375
GTM,SLV,Directed,564,411626
DEU,IDN,Directed,466,409587
CAN,FRA,Directed,217,404422
IND,ITA,Directed,617,403459
SAU,YEM,Directed,1138,399343
GBR,AUT,Directed,1779,397875
BLR,BGR,Directed,87,394592
FIN,SWE,Directed,388,394382
SWE,FIN,Directed,1257,393233
HND,USA,Directed,574,387433
USA,ISR,Directed,1568,384581
DEU,NGA,Directed,474,384000
SLV,USA,Directed,371,383595
GBR,DNK,Directed,1411,381878
SVK,NLD,Directed,1175,379349
BEL,ETH,Directed,110,378470
ITA,SAU,Directed,718,377875
CHN,NLD,Directed,280,377193
USA,GRC,Directed,1559,376269
SAU,TUR,Directed,1133,375125
FIN,GBR,Directed,390,374905
TTO,CAN,Directed,1346,374071
BEL,SWE,Directed,137,367906
FRA,ETH,Directed,2185,366390
ISR,ITA,Directed,668,365828
SAU,ITA,Directed,1120,362992
HUN,SCG,Directed,587,357325
ITA,TUR,Directed,727,356829
MEX,GBR,Directed,890,354766
PAK,IRL,Directed,2525,353000
DNK,IRL,Directed,345,351421
NOR,CAN,Directed,1918,350500
ESP,AUT,Directed,1206,350405
IRL,MYS,Directed,647,350000
FIN,CZE,Directed,379,349965
DEU,EGY,Directed,524,349352
ITA,HRV,Directed,691,347457
QAT,CHN,Directed,2027,346500
GBR,AZE,Directed,1399,332000
JPN,PAK,Directed,788,331812
AUS,IND,Directed,31,331205
GBR,SAU,Directed,1442,328987
USA,ARG,Directed,1538,324950
SGP,IND,Directed,1164,324458
USA,TGO,Directed,1671,323312
DNK,IND,Directed,2448,320562
BEL,ECU,Directed,154,317397
JOR,EGY,Directed,2141,317027
DJI,ETH,Directed,2186,316655
MYS,IRL,Directed,2522,314312
USA,PRT,Directed,1657,314289
SCG,MKD,Directed,1144,312362
MYS,JPN,Directed,842,310620
CAN,MYS,Directed,2745,308535
CHN,POL,Directed,283,308000
ISR,GBR,Directed,681,305615
HUN,TUR,Directed,3209,304562
RUS,NLD,Directed,1105,301944
CHN,GBR,Directed,257,300570
CZE,NLD,Directed,323,297761
ARG,IND,Directed,16,295366
USA,JPN,Directed,1572,295169
KWT,LBN,Directed,2716,291000
PHL,MYS,Directed,1022,288602
IND,FRA,Directed,2257,284187
DEU,AUS,Directed,1737,283125
ROU,DEU,Directed,1087,282250
CZE,ESP,Directed,326,282173
DOM,USA,Directed,3322,280625
GBR,SCG,Directed,1454,278750
GBR,NGA,Directed,1435,277060
ARG,GBR,Directed,19,276687
DEU,SCG,Directed,3019,276000
USA,NZL,Directed,1579,275749
GRC,BEL,Directed,549,275331
MKD,TUR,Directed,1313,275114
KWT,IND,Directed,2456,274312
SVN,HRV,Directed,1192,273998
IDN,PAK,Directed,636,272667
THA,ESP,Directed,1330,269733
ISR,CHE,Directed,678,267410
BEL,LBN,Directed,121,266825
HRV,BIH,Directed,307,266000
HND,NIC,Directed,573,262825
SVK,GRC,Directed,1172,257525
PAN,ESP,Directed,1010,257250
AUT,HRV,Directed,48,252693
HND,SLV,Directed,571,252428
ROU,NLD,Directed,1092,251677
ISR,FRA,Directed,665,251444
KOR,PAK,Directed,1068,251035
USA,EGY,Directed,1676,250578
ITA,ETH,Directed,694,247170
BEL,EGY,Directed,173,246850
ISR,CHN,Directed,667,242484
POL,FIN,Directed,1032,241944
PAN,CHN,Directed,2024,240218
FRA,AUT,Directed,395,239373
CHE,CAN,Directed,1285,239236
SAU,GRC,Directed,1118,236648
BEN,BEL,Directed,182,235605
GBR,PER,Directed,1495,234644
CZE,LTU,Directed,322,233797
JAM,USA,Directed,775,233316
EGY,USA,Directed,366,231734
BEL,ISR,Directed,116,231713
LTU,POL,Directed,830,231183
SAU,ETH,Directed,1117,229598
SAU,KWT,Directed,1122,226167
COL,USA,Directed,297,225601
BEL,UKR,Directed,143,223750
SCG,AUT,Directed,1143,222375
USA,PHL,Directed,1585,221963
USA,SEN,Directed,1661,221378
BRA,PRY,Directed,188,219161
NLD,JPN,Directed,2680,219125
IRL,CHN,Directed,645,218948
USA,FIN,Directed,1624,218745
PHL,SGP,Directed,1023,218096
SCG,ITA,Directed,2604,217628
BRA,NLD,Directed,2809,217031
DEU,FIN,Directed,501,216577
THA,IRL,Directed,2530,216000
PHL,JPN,Directed,1020,215776
BEL,NGA,Directed,126,215265
HUN,SVN,Directed,584,214913
NLD,ARE,Directed,951,214738
ISL,USA,Directed,598,214508
ITA,MEX,Directed,708,212402
PAK,THA,Directed,3180,212246
RUS,ITA,Directed,1102,211957
PRT,CAN,Directed,1042,211144
TUR,ALB,Directed,1355,210675
GBR,ECU,Directed,1467,210193
JOR,SAU,Directed,815,209912
BEL,BDI,Directed,148,209491
PRT,GBR,Directed,1050,208909
URY,USA,Directed,1534,208591
IDN,NLD,Directed,2821,208042
URY,ARG,Directed,1531,208014
BLR,TUR,Directed,3204,207953
NLD,SGP,Directed,945,206871
VEN,ITA,Directed,1718,206288
UKR,FIN,Directed,1389,205760
BEL,BGD,Directed,103,205241
USA,SWE,Directed,1593,204335
MKD,ITA,Directed,1312,203531
BRA,CHE,Directed,195,202910
SGP,PHL,Directed,1163,202109
KOR,NLD,Directed,1067,201219
ARG,BEL,Directed,12,201144
YEM,ETH,Directed,2195,200000
LBY,ITA,Directed,2585,200000
SGP,AUS,Directed,1148,199263
GBR,MOZ,Directed,1489,198203
SAU,JOR,Directed,1121,196136
TUN,ESP,Directed,1352,195036
BEL,PHL,Directed,128,192535
HRV,ESP,Directed,312,191550
JPN,GBR,Directed,793,191383
GRC,GBR,Directed,560,190035
USA,IDN,Directed,1566,189013
IND,USA,Directed,621,188866
MYS,AUS,Directed,836,187997
AUS,DEU,Directed,37,187170
SVK,SCG,Directed,3023,187000
SYR,TUR,Directed,3217,186230
AUT,BEL,Directed,45,185653
GBR,MYS,Directed,1431,185456
UKR,NLD,Directed,1394,184801
IRL,FRA,Directed,2228,184112
BGR,MKD,Directed,204,182847
GTM,NIC,Directed,566,182268
DEU,MYS,Directed,2748,180487
PAN,COL,Directed,1005,180311
MEX,BEL,Directed,871,177436
USA,DNK,Directed,1620,176706
SWE,ISR,Directed,1264,175635
PHL,BEL,Directed,1028,175000
DNK,HUN,Directed,344,174867
ARG,CAN,Directed,3,173894
HND,GTM,Directed,572,173772
ESP,KOR,Directed,2956,173761
GRC,EGY,Directed,2140,173616
SVK,BEL,Directed,1168,172894
BOL,ETH,Directed,2198,172480
GBR,TZA,Directed,1511,172338
NLD,KOR,Directed,2965,171742
MAR,IRL,Directed,2543,171585
BEL,MAR,Directed,162,171324
USA,ARE,Directed,1597,170767
NLD,SWE,Directed,949,170609
PHL,CAN,Directed,1015,169429
NLD,MAR,Directed,2800,169031
NIC,SLV,Directed,984,168735
NLD,ETH,Directed,2191,168230
BRA,DEU,Directed,186,167981
ITA,BRA,Directed,686,167889
IRL,ITA,Directed,2580,167436
MEX,BOL,Directed,872,167375
FRA,MEX,Directed,409,167250
LVA,LTU,Directed,822,167147
FIN,NLD,Directed,385,166425
CRI,NIC,Directed,302,166354
BLR,POL,Directed,99,165202
SVN,HUN,Directed,1195,163924
TUR,NLD,Directed,1376,163659
ARG,ESP,Directed,9,163599
AUS,GBR,Directed,3245,163011
NZL,USA,Directed,982,161614
ISR,NLD,Directed,672,161195
SVN,MKD,Directed,1197,160825
KAZ,ITA,Directed,2583,160480
NLD,HUN,Directed,929,160050
NLD,MKD,Directed,953,159307
DNK,FIN,Directed,341,159094
AUS,MYS,Directed,25,158670
IDN,ITA,Directed,2619,158355
DEU,SYR,Directed,489,158000
PAN,ISR,Directed,1009,158000
THA,ARE,Directed,1331,156402
ESP,ARE,Directed,1227,155207
CAN,SGP,Directed,226,154427
ISL,DNK,Directed,591,153679
NOR,CHN,Directed,993,153570
POL,AUT,Directed,1760,152500
LBY,EGY,Directed,2142,150000
PHL,DEU,Directed,2311,150000
USA,AUS,Directed,1539,148702
ITA,MOZ,Directed,751,148515
SAU,SGP,Directed,3043,148500
COL,GTM,Directed,295,148175
ITA,NGA,Directed,712,144754
TUR,DEU,Directed,1358,144398
FRA,LBN,Directed,407,144085
BGD,IND,Directed,2443,144000
CAN,TTO,Directed,227,143867
IDN,AUS,Directed,1739,143523
GRC,ALB,Directed,548,142034
AUT,GRC,Directed,2384,141453
RUS,BLR,Directed,1795,141236
USA,BGD,Directed,1542,140578
AUT,GBR,Directed,70,140531
KOR,AUS,Directed,1056,139979
ITA,HUN,Directed,701,139068
FRA,CIV,Directed,406,139064
IDN,EGY,Directed,2148,137894
NLD,NGA,Directed,936,136828
PYF,FRA,Directed,448,135412
BEL,VNM,Directed,168,134921
NOR,AUT,Directed,986,134710
SGP,JPN,Directed,1157,134025
PAN,USA,Directed,1011,131415
ARG,NLD,Directed,15,130624
CRI,USA,Directed,303,130435
AUS,IDN,Directed,39,128006
POL,GBR,Directed,3263,127823
MLT,DEU,Directed,859,126913
USA,CIV,Directed,1570,126671
CHL,ARG,Directed,244,126000
IDN,ESP,Directed,3094,125917
ITA,SCG,Directed,734,125862
CHN,AUS,Directed,245,125126
GBR,SWE,Directed,1446,124317
FIN,ITA,Directed,2652,124187
GRC,IRL,Directed,2517,123230
CHN,MEX,Directed,279,123090
BHS,ARG,Directed,81,121726
ITA,UGA,Directed,761,121609
BEL,BOL,Directed,147,120982
USA,SAU,Directed,1588,120128
BRA,USA,Directed,189,120010
RUS,UZB,Directed,1109,120000
HUN,BEL,Directed,576,119881
IND,GBR,Directed,615,119467
CHE,IND,Directed,2466,119121
MEX,GTM,Directed,879,118755
FRA,TUR,Directed,439,118090
BEL,TUN,Directed,141,117761
LTU,USA,Directed,832,117125
FRA,SGP,Directed,415,116699
FRA,TUN,Directed,419,116492
BGR,ITA,Directed,209,116444
ISR,BEL,Directed,660,116418
SWE,NGA,Directed,1270,116000
GBR,PRT,Directed,1440,115978
NOR,CHE,Directed,998,115489
ESP,CHL,Directed,1232,115000
USA,VGB,Directed,1547,114706
IND,ETH,Directed,602,113246
GBR,CHE,Directed,1447,112844
NER,BFA,Directed,1895,111750
DNK,BEL,Directed,336,111650
DNK,CAN,Directed,338,111601
GBR,MWI,Directed,1484,111069
GBR,MEX,Directed,1486,109715
NLD,SVN,Directed,947,109550
IDN,BEL,Directed,632,107175
BEL,MDG,Directed,122,106708
AUS,SGP,Directed,32,106047
GBR,TUR,Directed,1509,105834
LTU,DEU,Directed,833,105167
BLR,UKR,Directed,86,105124
DEU,TUN,Directed,491,105000
GBR,DJI,Directed,1471,104488
NLD,MDG,Directed,967,104359
MAR,GBR,Directed,913,103898
ITA,MKD,Directed,729,103542
FRA,SAU,Directed,2989,102953
USA,PRY,Directed,1654,102671
CHN,SWE,Directed,265,102171
GRC,CYP,Directed,551,101417
THA,SGP,Directed,1328,101381
THA,ITA,Directed,2638,100531
PHL,GBR,Directed,1026,100480
SAU,USA,Directed,1137,100472
RUS,BEL,Directed,1115,100257
GBR,MAC,Directed,1483,100046
JPN,DEU,Directed,798,100000
PHL,IDN,Directed,1019,100000
NGA,CHN,Directed,2021,100000
SGP,ETH,Directed,2202,100000
NLD,IDN,Directed,2511,100000
IDN,SGP,Directed,629,99941
IDN,PHL,Directed,2918,99679
BGR,DEU,Directed,201,99617
BMU,CHN,Directed,1996,99000
ARE,IRL,Directed,2531,98953
MUS,CHN,Directed,868,98835
ITA,TUN,Directed,726,98548
EST,NLD,Directed,375,98388
THA,LAO,Directed,1324,98203
GBR,ERI,Directed,1469,98140
BEL,JPN,Directed,119,98000
MAR,BEL,Directed,910,97835
CHN,EGY,Directed,256,97460
CHN,HND,Directed,2419,97370
TUN,MAR,Directed,2802,96703
AUT,TUN,Directed,3196,95695
NLD,SCG,Directed,958,95345
SWE,IDN,Directed,1263,95000
LKA,KOR,Directed,2959,94859
GBR,LKA,Directed,1406,94628
BEN,TGO,Directed,3184,94000
HRV,AUT,Directed,306,93923
FRA,MDG,Directed,2740,93609
RUS,KGZ,Directed,1103,93000
BIH,HRV,Directed,2080,93000
SAU,LBN,Directed,1123,92792
ISR,SWE,Directed,677,92538
SGP,DEU,Directed,1155,92248
AUS,BEL,Directed,21,92210
NLD,ROU,Directed,969,92203
SWE,IND,Directed,2465,92000
FIN,EST,Directed,380,91975
SWE,CZE,Directed,1254,91728
HUN,NLD,Directed,581,91460
TUR,KOR,Directed,1362,91226
ARG,TUR,Directed,18,90817
PRT,MYS,Directed,2757,90378
JPN,VNM,Directed,791,90011
THA,KHM,Directed,1317,89690
ISR,FIN,Directed,664,89553
ITA,ROU,Directed,716,89167
PHL,VNM,Directed,1024,89000
GBR,MKD,Directed,1451,88128
NOR,FIN,Directed,990,87950
MYS,NLD,Directed,845,86699
CIV,GHA,Directed,304,86480
BGD,KOR,Directed,82,86398
CAN,DEU,Directed,218,85979
ESP,GRC,Directed,2397,85929
HUN,POL,Directed,582,85800
CAN,GTM,Directed,219,85199
UKR,ITA,Directed,1393,85000
SVN,BEL,Directed,1199,84101
SAU,BEL,Directed,1819,83956
LVA,SWE,Directed,824,83903
GBR,LVA,Directed,1429,83764
VEN,GBR,Directed,1721,83253
USA,AUT,Directed,1540,82924
USA,LBR,Directed,1644,82425
NLD,AUS,Directed,914,81710
FIN,DNK,Directed,2120,81652
TTO,USA,Directed,1350,81144
RUS,HUN,Directed,2441,81000
SVK,CHE,Directed,1178,80403
FRA,CMR,Directed,398,80097
GBR,ARE,Directed,1449,80006
GRL,DNK,Directed,562,80000
CHL,CAN,Directed,1907,80000
GBR,BHR,Directed,1401,79898
USA,COD,Directed,1617,78405
SWE,POL,Directed,1272,78375
GBR,SGP,Directed,1444,78091
GBR,MSR,Directed,1487,77933
MYS,ESP,Directed,854,77510
USA,LBN,Directed,1574,77113
CZE,SVN,Directed,325,77087
NLD,PRT,Directed,941,76879
NLD,POL,Directed,940,76421
GBR,CZE,Directed,1409,75901
CHN,DEU,Directed,248,75125
FRA,DNK,Directed,400,74806
ARG,CHE,Directed,17,74781
ITA,KOR,Directed,749,74765
ISR,ZWE,Directed,675,74627
TUR,GBR,Directed,1366,74194
GBR,ISL,Directed,1421,74097
NIC,CRI,Directed,983,74000
CHL,PER,Directed,242,73648
SWE,CHE,Directed,1273,73344
MYS,DEU,Directed,839,73115
GBR,GTM,Directed,1474,72289
ISR,ETH,Directed,663,71642
ISR,PRT,Directed,673,71642
DEU,ISR,Directed,468,71430
HRV,DEU,Directed,308,71250
VNM,JPN,Directed,2683,71199
SAU,IND,Directed,1129,71111
BLZ,CHN,Directed,1998,70800
IRL,NLD,Directed,656,70141
ESP,TUR,Directed,1241,70000
GRC,NLD,Directed,554,69421
NPL,IND,Directed,2459,69378
THA,JPN,Directed,1322,69202
SWE,CIV,Directed,1266,69000
GBR,NOR,Directed,1436,68804
ISR,JOR,Directed,670,68657
GBR,THA,Directed,1448,67566
FRA,POL,Directed,413,67511
FRO,DNK,Directed,377,67434
ESP,IND,Directed,2464,67019
KOR,ECU,Directed,1061,66996
DEU,UKR,Directed,493,66904
THA,KOR,Directed,1323,66714
MYS,PAK,Directed,846,66682
CZE,BEL,Directed,318,66302
IND,DEU,Directed,603,66250
JPN,IDN,Directed,781,65978
IDN,AUT,Directed,1773,65800
SLV,CRI,Directed,367,65669
CIV,MLI,Directed,305,65000
POL,UKR,Directed,3241,64929
USA,HTI,Directed,1561,64480
GBR,AUS,Directed,1400,64389
BEL,DZA,Directed,100,64136
UKR,BGR,Directed,1889,64035
CHN,DZA,Directed,269,63546
ITA,VEN,Directed,733,63544
ITA,BGR,Directed,687,63340
ISR,JPN,Directed,669,63184
THA,MMR,Directed,1316,62824
MAR,KEN,Directed,2701,62589
BEL,SYR,Directed,139,62222
PAN,HND,Directed,1008,61968
UKR,ISR,Directed,1392,61378
FRA,ISR,Directed,404,61257
NLD,BHR,Directed,916,60820
BEL,KEN,Directed,160,60447
USA,HUN,Directed,1564,60312
UKR,SVK,Directed,1395,60042
COL,CHN,Directed,2001,60000
KEN,ETH,Directed,2189,60000
GBR,BEN,Directed,1410,58804
FRA,JPN,Directed,2674,58378
AUT,UKR,Directed,3232,57882
DEU,RUS,Directed,482,57807
CHN,ESP,Directed,292,57600
SCG,DEU,Directed,1147,57250
CHN,ITA,Directed,2577,56488
DEU,HRV,Directed,458,56187
NCL,CHN,Directed,2019,56019
ITA,ERI,Directed,695,55859
GEO,EGY,Directed,2145,55800
USA,VNM,Directed,1591,55601
PRK,IND,Directed,2485,55500
DNK,POL,Directed,2929,55175
TUR,FRA,Directed,1370,54716
USA,JAM,Directed,1571,54607
SGP,BGD,Directed,1149,53695
UKR,CZE,Directed,1388,53171
ROU,SCG,Directed,1095,53000
AUT,POL,Directed,60,52898
CYP,BEL,Directed,315,52515
BLR,MDA,Directed,92,52464
BRA,URY,Directed,190,52124
FRA,SWE,Directed,417,52023
DEU,LKA,Directed,456,52000
BRA,BOL,Directed,185,51639
ISR,AUT,Directed,659,50746
JPN,ITA,Directed,2582,50550
KOR,MYS,Directed,1082,50444
BEN,FRA,Directed,183,50398
CHE,EGY,Directed,2160,50375
KOR,BRA,Directed,1875,50347
ITA,MYS,Directed,2752,50042
BEL,QAT,Directed,131,50000
SAU,SDN,Directed,1131,50000
MEX,EGY,Directed,2149,50000
ARE,ETH,Directed,2193,50000
FIN,TUR,Directed,3205,50000
ITA,CZE,Directed,692,49818
ITA,EGY,Directed,730,49718
HRV,ITA,Directed,309,49585
CAN,NLD,Directed,224,49578
CAN,KEN,Directed,2697,49023
USA,BFA,Directed,1678,48515
MKD,BGR,Directed,1310,48500
MLT,ESP,Directed,862,48398
BEL,POL,Directed,129,48390
MLT,GBR,Directed,863,48320
TUR,LBN,Directed,2721,48030
ITA,DZA,Directed,1725,47996
UZB,BEL,Directed,1850,47941
ITA,ISR,Directed,704,47800
IDN,TUR,Directed,3210,47667
POL,LTU,Directed,2730,47663
CZE,GBR,Directed,328,47308
EGY,SAU,Directed,2998,47023
ITA,NZL,Directed,711,46898
DEU,BLR,Directed,455,46895
BLR,NLD,Directed,93,46758
ISL,DEU,Directed,592,46609
GBR,ZMB,Directed,1513,46601
GBR,ARG,Directed,1456,46367
SAU,GBR,Directed,1136,46000
LKA,SGP,Directed,3034,46000
JAM,TTO,Directed,774,45699
BRA,VEN,Directed,191,45000
JPN,PRK,Directed,782,45000
ROU,CZE,Directed,1096,45000
SWE,SYR,Directed,1274,45000
ISR,HRV,Directed,661,44776
FIN,RUS,Directed,387,44744
TUN,FRA,Directed,1351,44503
BEL,IDN,Directed,115,44500
JPN,NLD,Directed,787,44403
ISL,GBR,Directed,597,44374
GBR,NZL,Directed,1434,43657
CRI,COL,Directed,299,43638
AUT,SWE,Directed,67,43565
DOM,BRB,Directed,1790,43488
ISL,ITA,Directed,594,43438
FJI,AUS,Directed,1736,43359
LTU,LVA,Directed,829,43270
SWE,HUN,Directed,1261,43000
DNK,ITA,Directed,2573,42558
CHE,IRN,Directed,1290,42390
CHE,GBR,Directed,1298,42299
GUY,TTO,Directed,568,42118
MUS,GBR,Directed,867,41882
GRC,USA,Directed,3329,41726
UKR,BLR,Directed,1387,41092
GRC,IND,Directed,558,41000
LKA,IND,Directed,2446,40894
CHN,IDN,Directed,274,40718
GBR,IDN,Directed,2509,40476
SAU,UGA,Directed,1134,40398
KOR,EGY,Directed,2157,40101
NOR,BEL,Directed,987,40078
CHN,CZE,Directed,247,40000
CZE,IRL,Directed,2513,40000
DNK,JPN,Directed,2672,40000
IND,CAN,Directed,1921,39996
CRI,ECU,Directed,300,39843
NLD,HRV,Directed,921,39843
CHN,RUS,Directed,253,39625
SVK,ESP,Directed,1177,39420
HUN,MDA,Directed,2971,39371
EGY,JOR,Directed,364,39355
GBR,BOL,Directed,1459,39195
CZE,SVK,Directed,324,38367
DEU,ROU,Directed,481,37140
VNM,CHN,Directed,2031,37007
VEN,BRA,Directed,1872,37000
FIN,CHE,Directed,389,36609
POL,ESP,Directed,3083,36410
GBR,KOR,Directed,1428,36187
THA,BGD,Directed,1315,36000
BRN,SGP,Directed,3032,36000
USA,IRL,Directed,1567,35957
MEX,TUR,Directed,889,35925
COL,DEU,Directed,294,35844
HUN,DNK,Directed,2124,35484
THA,DEU,Directed,1335,35387
HUN,ROU,Directed,583,35300
USA,TUN,Directed,1674,35218
NLD,YEM,Directed,957,35039
NIC,ITA,Directed,2626,34789
TUR,SGP,Directed,3047,34440
ARG,URY,Directed,11,34092
KOR,BEL,Directed,1057,34000
NLD,CPV,Directed,1898,34000
HUN,HRV,Directed,2083,34000
PAK,ESP,Directed,3103,34000
EST,SWE,Directed,3121,34000
EST,DEU,Directed,373,33764
BRA,AUT,Directed,1748,33500
PRT,AGO,Directed,1040,33375
FIN,LVA,Directed,384,33324
DMA,CRI,Directed,2062,33214
CHN,PAN,Directed,2900,33191
THA,IDN,Directed,1321,33000
ALB,SCG,Directed,3014,33000
PNG,SGP,Directed,3041,33000
ARG,MEX,Directed,8,32948
USA,KEN,Directed,1642,32492
CZE,USA,Directed,3319,32238
KOR,LKA,Directed,1058,32210
AZE,TUR,Directed,80,32101
EST,LVA,Directed,374,32000
IND,ARE,Directed,612,31944
DNK,BIH,Directed,337,31898
HUN,CHE,Directed,585,31843
BGD,SAU,Directed,3001,31769
ESP,MEX,Directed,1220,31530
ROU,MDA,Directed,1091,31155
FIN,FRA,Directed,2225,31000
TUN,DEU,Directed,2324,31000
DEU,MAR,Directed,512,30937
DNK,ISR,Directed,346,30648
NOR,ITA,Directed,995,30062
BIH,ITA,Directed,2609,30019
AUS,QAT,Directed,30,30000
EST,USA,Directed,3324,30000
SLE,USA,Directed,3353,30000
MYS,KOR,Directed,843,29582
SGP,BRN,Directed,1150,29472
NLD,CZE,Directed,922,29468
IDN,IRL,Directed,625,29405
THA,VEN,Directed,3393,29269
GBR,GMB,Directed,1415,28539
BLR,ITA,Directed,90,28374
ALB,ITA,Directed,2567,28300
USA,GUY,Directed,1631,28077
JPN,MEX,Directed,2775,28065
PYF,CHN,Directed,449,28019
USA,RUS,Directed,1586,27999
HUN,MYS,Directed,2750,27792
MEX,FRA,Directed,897,27680
IDN,BRA,Directed,1874,27406
GTM,HND,Directed,565,27377
BEL,HUN,Directed,2426,27324
PER,COL,Directed,2058,27240
DEU,EST,Directed,531,27222
SEN,CIV,Directed,2077,27000
CYP,LBN,Directed,2714,27000
ISR,KOR,Directed,671,26865
CAN,ISR,Directed,2553,26865
BEL,EST,Directed,2177,26859
MEX,CRI,Directed,895,26693
NLD,QAT,Directed,942,26300
LVA,ESP,Directed,828,26296
JPN,COL,Directed,779,26071
BEL,SCG,Directed,3016,26000
ARE,ITA,Directed,2639,25539
TUR,ESP,Directed,1364,25362
MEX,CAN,Directed,874,25277
COG,CMR,Directed,1901,25199
USA,ISL,Directed,1565,25097
BEN,DEU,Directed,184,25070
CAN,CUB,Directed,215,25000
CAN,ARE,Directed,228,25000
FRA,PAK,Directed,434,25000
THA,CHE,Directed,1342,25000
IND,MDG,Directed,606,24894
DNK,CZE,Directed,2096,24890
JPN,MNG,Directed,786,24839
ITA,UKR,Directed,728,24750
MEX,HND,Directed,880,24667
JAM,CRI,Directed,773,24468
USA,GHA,Directed,1627,24398
SGP,LKA,Directed,1152,24128
MLT,BEL,Directed,1815,24113
NLD,UKR,Directed,952,24061
ISL,BEL,Directed,589,24027
FIN,JPN,Directed,383,24000
KEN,TZA,Directed,819,24000
CAN,JAM,Directed,222,23925
VEN,MEX,Directed,1719,23889
CAN,ARG,Directed,211,23863
ITA,PRT,Directed,715,23819
CRI,HND,Directed,301,23625
AUS,KOR,Directed,2958,23593
MEX,CYM,Directed,875,23570
BGR,ALB,Directed,199,23500
MEX,NIC,Directed,885,23421
USA,LTU,Directed,1575,23415
CHN,CHL,Directed,259,23398
SEN,MLI,Directed,2766,23367
GNB,CHN,Directed,2026,23308
GBR,JAM,Directed,2669,23250
LBY,JOR,Directed,2693,23171
DEU,DZA,Directed,450,23000
PHL,FRA,Directed,1017,23000
NLD,VNM,Directed,946,22949
ISL,AUT,Directed,588,22675
JOR,LBN,Directed,2720,22601
TUR,JOR,Directed,1361,22500
POL,CHE,Directed,3153,22386
PHL,KOR,Directed,1021,22312
IRL,ESP,Directed,657,22271
GBR,LTU,Directed,1430,22084
GBR,PHL,Directed,1438,22011
RUS,AZE,Directed,1100,22000
GBR,UKR,Directed,1450,22000
EGY,DEU,Directed,2359,22000
DEU,VEN,Directed,3388,21983
KEN,ISR,Directed,817,21977
CAN,SLV,Directed,216,21789
MLT,USA,Directed,864,21773
PAK,GBR,Directed,3262,21769
ITA,LBN,Directed,707,21726
SVN,CZE,Directed,1193,21695
SVN,BGR,Directed,1888,21621
HUN,GRC,Directed,2390,21417
USA,SLE,Directed,1662,21167
ISL,ESP,Directed,596,21152
CHN,SLV,Directed,2161,21140
PHL,IND,Directed,2490,21109
SAU,ESP,Directed,1130,21000
GBR,BLR,Directed,1404,20960
SVN,ESH,Directed,1203,20929
UKR,IRL,Directed,1391,20863
MYS,ITA,Directed,2622,20859
BLR,LVA,Directed,2713,20843
LVA,GBR,Directed,825,20812
IDN,FRA,Directed,2247,20800
NOR,EST,Directed,989,20794
ESP,KEN,Directed,1237,20781
USA,BTN,Directed,1544,20703
UKR,CHN,Directed,2037,20566
USA,RWA,Directed,1707,20414
BRB,CAN,Directed,1905,20410
USA,COG,Directed,1616,20371
MEX,KOR,Directed,901,20328
BHS,USA,Directed,3311,20289
HND,ESP,Directed,3078,20285
ITA,BEN,Directed,741,20273
SGP,FRA,Directed,1154,20250
NLD,LTU,Directed,2738,20214
TZA,KEN,Directed,1530,20044
JPN,CRI,Directed,2067,20015
ARG,ITA,Directed,7,20000
AUS,SWE,Directed,33,20000
CHN,IRL,Directed,249,20000
ROU,HUN,Directed,1089,20000
ROU,POL,Directed,1093,20000
ESP,ISR,Directed,1216,20000
MKD,IRL,Directed,2533,20000
SWE,CAN,Directed,1924,19988
PRT,MAR,Directed,1046,19980
GBR,CRI,Directed,1464,19921
FIN,GRC,Directed,2404,19859
CRI,CHL,Directed,1939,19800
VEN,USA,Directed,3364,19773
ESP,GTM,Directed,2412,19699
TUR,IND,Directed,2494,19691
USA,NER,Directed,1650,19636
DNK,NGA,Directed,2878,19636
GBR,FIN,Directed,1413,19565
USA,ROU,Directed,1658,19542
GEO,USA,Directed,3327,19519
ITA,PAK,Directed,713,19472
FIN,PRT,Directed,2947,19304
LKA,NZL,Directed,2866,19261
USA,GMB,Directed,1693,19050
POL,SWE,Directed,3129,19000
MYS,VNM,Directed,849,18890
ESP,VEN,Directed,3390,18828
MEX,COL,Directed,894,18566
THA,PHL,Directed,1339,18417
BLR,CZE,Directed,88,18230
BEL,CIV,Directed,118,18000
BEL,MWI,Directed,123,18000
DEU,QAT,Directed,480,18000
SVK,IND,Directed,2463,18000
RUS,GBR,Directed,3264,18000
ISR,DNK,Directed,662,17910
ISR,THA,Directed,679,17910
TUR,MAR,Directed,2803,17851
NLD,EGY,Directed,954,17800
JOR,SDN,Directed,2218,17699
GBR,LBN,Directed,1482,17585
USA,TTO,Directed,1672,17440
DEU,MKD,Directed,3169,17351
FRA,NER,Directed,433,17101
HRV,USA,Directed,3318,17019
SVN,GRC,Directed,2396,17011
ROU,SVN,Directed,1094,17000
MAR,CHN,Directed,2017,17000
KOR,ETH,Directed,2190,17000
BHR,IND,Directed,2473,17000
BGR,LBN,Directed,210,16980
CZE,CHE,Directed,3143,16761
USA,AIA,Directed,1587,16679
ITA,SYR,Directed,725,16640
MYS,MUS,Directed,844,16500
ARE,UGA,Directed,3231,16480
USA,BRB,Directed,1789,16413
BGR,UKR,Directed,203,16250
SGP,MDV,Directed,1159,16250
ATG,USA,Directed,3307,16140
DNK,EST,Directed,339,16042
PAK,PHL,Directed,2927,16007
MEX,BLZ,Directed,873,16000
PHL,AUS,Directed,1013,16000
LKA,SAU,Directed,3002,15875
FIN,IND,Directed,2477,15812
DEU,BRA,Directed,1863,15776
DMA,USA,Directed,3321,15687
SAU,QAT,Directed,1127,15562
GBR,TGO,Directed,1507,15562
DNK,LVA,Directed,2706,15312
BEL,CHL,Directed,150,15250
LTU,SWE,Directed,831,15062
MEX,ECU,Directed,896,15062
KOR,CHL,Directed,1059,15060
AUS,PNG,Directed,29,15000
DEU,UZB,Directed,496,15000
JPN,MMR,Directed,796,15000
IND,NLD,Directed,2832,15000
LTU,BEL,Directed,1836,14937
JPN,SAU,Directed,3003,14937
PAN,CUB,Directed,1007,14875
ARE,SAU,Directed,2997,14687
IND,KEN,Directed,2702,14625
SLV,NIC,Directed,370,14529
BEL,RUS,Directed,132,14518
CAN,GRC,Directed,2386,14250
KOR,AUT,Directed,1758,13812
FRA,NOR,Directed,412,13695
RUS,KAZ,Directed,2695,13625
CRI,SLV,Directed,2162,13500
BGD,ITA,Directed,2607,13500
KEN,SAU,Directed,3008,13312
JPN,BEL,Directed,776,13250
NLD,DJI,Directed,962,13062
GBR,VCT,Directed,1498,13000
CHE,CZE,Directed,2104,13000
JOR,DEU,Directed,2302,13000
PHL,THA,Directed,1025,12875
ESP,CUB,Directed,1233,12812
FRA,GRC,Directed,2400,12804
JPN,TUR,Directed,3200,12750
PAN,JAM,Directed,2668,12687
HUN,CAN,Directed,577,12500
IND,CYP,Directed,601,12500
ISR,IND,Directed,2482,12375
MYS,MEX,Directed,2778,12375
ITA,JPN,Directed,705,12250
RUS,CHE,Directed,3154,12187
SVK,SVN,Directed,1176,12139
KAZ,RUS,Directed,816,12000
SAU,PAN,Directed,1126,12000
SAU,KOR,Directed,2955,12000
NLD,EST,Directed,2173,11937
ITA,SEN,Directed,3013,11937
USA,BHS,Directed,1541,11835
POL,CZE,Directed,2101,11812
THA,NLD,Directed,2859,11687
UKR,AUT,Directed,1386,11625
IND,BGD,Directed,1787,11562
GRC,TUR,Directed,559,11546
USA,BLR,Directed,1801,11500
NOR,FRA,Directed,991,11388
USA,ATG,Directed,1537,11312
TUR,GEO,Directed,1371,11125
EGY,TUR,Directed,365,11062
NER,NGA,Directed,985,11062
JPN,IRL,Directed,2520,11000
HRV,SCG,Directed,3018,11000
NOR,IRL,Directed,994,10875
SGP,ITA,Directed,2595,10875
BLR,HUN,Directed,97,10562
TUR,RUS,Directed,1363,10562
SAU,BGR,Directed,1139,10500
BEL,KOR,Directed,120,10359
BEL,BEN,Directed,108,10187
USA,JOR,Directed,1641,10187
NLD,NER,Directed,968,10125
CHE,SVK,Directed,1295,10077
GBR,COL,Directed,1463,10062
GBR,RUS,Directed,1497,10062
USA,VCT,Directed,2987,10062
DNK,FRO,Directed,340,10032
SAU,RUS,Directed,1128,10000
GBR,SLE,Directed,1500,10000
USA,POL,Directed,1656,10000
SWE,BRA,Directed,1868,10000
BGD,DEU,Directed,2363,10000
GBR,EGY,Directed,1452,9875
JPN,ESP,Directed,3097,9875
ECU,BOL,Directed,363,9812
IND,MEX,Directed,2780,9812
KOR,MNG,Directed,2791,9812
UZB,TUR,Directed,3221,9625
SVK,UKR,Directed,1179,9583
USA,GIN,Directed,1630,9437
KOR,SAU,Directed,3009,9375
GBR,PRK,Directed,1427,9312
LAO,GBR,Directed,3282,9312
USA,PYF,Directed,2272,9250
COL,PAN,Directed,2899,9250
AUS,NLD,Directed,26,9000
SLV,HND,Directed,369,9000
DEU,GIB,Directed,462,9000
AND,DEU,Directed,2278,9000
ISR,SGP,Directed,674,8955
LTU,CAN,Directed,1916,8875
MEX,CHE,Directed,888,8812
BGD,MYS,Directed,2743,8750
LTU,EST,Directed,835,8687
ARG,PRY,Directed,2905,8680
IRL,BEL,Directed,642,8601
IND,MYS,Directed,607,8585
BRA,ARG,Directed,193,8500
NGA,BEL,Directed,1839,8500
PHL,ITA,Directed,2627,8500
RUS,FIN,Directed,2211,8437
POL,MDA,Directed,2972,8312
CAN,BEL,Directed,212,8187
DEU,MEX,Directed,2773,8125
CAN,TUN,Directed,235,8062
IDN,BGD,Directed,631,8062
HND,BEL,Directed,569,8000
IND,UKR,Directed,614,8000
ITA,IDN,Directed,702,8000
FRA,CHL,Directed,1941,8000
KOR,IDN,Directed,2508,8000
MDG,MEX,Directed,2777,8000
CHN,MNG,Directed,2790,8000
IRL,SWE,Directed,3125,8000
USA,MDG,Directed,1700,7812
PRT,BEL,Directed,1818,7812
EST,LTU,Directed,2727,7812
GBR,BRA,Directed,1403,7361
HND,PAN,Directed,2902,7250
ITA,DMA,Directed,693,7187
MLT,NLD,Directed,861,7187
GBR,CYP,Directed,1408,7187
SGP,GBR,Directed,3265,7187
IND,ISL,Directed,605,7000
ARG,DEU,Directed,2279,7000
BEL,MEX,Directed,2770,7000
ISR,ROU,Directed,2976,7000
USA,CYM,Directed,1549,6875
TUR,BGR,Directed,1369,6687
NLD,NOR,Directed,937,6429
DNK,SCG,Directed,353,6375
CHE,HUN,Directed,1289,6327
AUT,TUR,Directed,69,6202
IND,UGA,Directed,613,6000
SGP,NLD,Directed,1160,6000
JPN,AUT,Directed,1757,5999
ISR,ESP,Directed,676,5970
USA,AGO,Directed,1602,5937
KOR,CRI,Directed,2068,5937
TTO,ANT,Directed,1347,5812
AUT,CAN,Directed,1904,5812
THA,FRA,Directed,2239,5812
CZE,MDA,Directed,2970,5812
AUS,KIR,Directed,2705,5782
MEX,SLV,Directed,907,5776
CHN,ARG,Directed,267,5687
USA,BLZ,Directed,1611,5625
BLR,FRA,Directed,83,5608
TTO,BRB,Directed,1345,5561
PRT,IRL,Directed,2545,5250
IRL,CZE,Directed,643,5125
BRA,GBR,Directed,196,5062
GTM,PAN,Directed,567,5062
KOR,VNM,Directed,1086,5062
JPN,AFG,Directed,795,5000
SWE,AUT,Directed,1251,5000
GBR,TUN,Directed,3194,5000
FRA,CZE,Directed,443,4896
ITA,SWE,Directed,723,4875
GBR,POL,Directed,1439,4757
PHL,MMR,Directed,1014,4687
NLD,FIN,Directed,924,4655
MOZ,USA,Directed,3343,4625
DEU,COL,Directed,2053,4286
NGA,BFA,Directed,1896,4250
CHE,MEX,Directed,2782,4250
ESP,MYS,Directed,1219,4187
USA,ANT,Directed,1648,4125
BRA,CHL,Directed,197,4124
KOR,BLR,Directed,1799,4062
LVA,EST,Directed,2172,4062
ROU,USA,Directed,3378,4062
AUT,FIN,Directed,50,4000
GRC,SCG,Directed,3028,3937
KOR,THA,Directed,1074,3901
DNK,BHR,Directed,356,3875
DNK,SAU,Directed,359,3874
NLD,LVA,Directed,934,3812
ESP,BEN,Directed,1211,3812
LTU,UKR,Directed,3239,3812
CHE,SWE,Directed,1297,3788
AUT,BRA,Directed,1861,3750
HUN,FRA,Directed,578,3687
ITA,RUS,Directed,717,3687
FRA,SEN,Directed,3010,3687
CZE,BGR,Directed,319,3625
DNK,FRA,Directed,2245,3187
SCG,HUN,Directed,2434,3187
HUN,SVK,Directed,3053,3187
IRL,NGA,Directed,648,3125
MYS,BRN,Directed,837,3105
SAU,OMN,Directed,1124,3000
USA,KWT,Directed,1699,3000
VGB,KAZ,Directed,2694,3000
FRA,PHL,Directed,2915,3000
ARG,CHL,Directed,4,2870
AUT,CRI,Directed,47,2812
IRL,TUR,Directed,652,2750
GBR,GHA,Directed,1417,2750
ESP,URY,Directed,1250,2687
CZE,FRA,Directed,2224,2687
HUN,USA,Directed,586,2625
SEN,CPV,Directed,1900,2625
AUT,ROU,Directed,61,2500
IND,BTN,Directed,599,2500
IND,SGP,Directed,611,2500
GRC,ETH,Directed,2187,2500
GRC,PAN,Directed,555,2437
GBR,LCA,Directed,2986,2375
GBR,TTO,Directed,3190,2343
ESP,SEN,Directed,3012,2312
AUS,ARE,Directed,35,2250
CAN,BRA,Directed,213,2250
TUR,CYP,Directed,1357,2250
ESP,PER,Directed,1224,2233
SVK,FRA,Directed,1170,2125
CAN,AUT,Directed,1749,2125
ITA,CYP,Directed,2093,2062
AUS,JPN,Directed,44,2000
FRA,HRV,Directed,2081,2000
KOR,SGP,Directed,3038,2000
AUT,RUS,Directed,62,1875
ITA,FIN,Directed,696,1875
SWE,ISL,Directed,1262,1875
AUS,AUT,Directed,1746,1875
CIV,FRA,Directed,2231,1875
IRL,KOR,Directed,646,1812
TUR,ISR,Directed,1381,1750
USA,LCA,Directed,1659,1729
IND,NPL,Directed,609,1625
CHN,ISR,Directed,2563,1585
FRA,EST,Directed,2179,1562
TUR,TUN,Directed,1365,1500
GBR,MLT,Directed,1432,1500
HUN,MEX,Directed,2774,1500
THA,GBR,Directed,1344,1452
IDN,COL,Directed,623,1437
MDA,BGR,Directed,1886,1437
KOR,MEX,Directed,2776,1437
RUS,ARM,Directed,1110,1375
AUS,FRA,Directed,2219,1375
ISL,TGO,Directed,3185,1375
BEL,NOR,Directed,164,1312
ESP,ARG,Directed,1205,1312
DEU,ECU,Directed,2135,1312
KEN,UGA,Directed,3230,1284
CZE,UKR,Directed,327,1250
SAU,CYP,Directed,2092,1250
DEU,THA,Directed,3173,1250
THA,AUT,Directed,1766,1187
PAK,FRA,Directed,2255,1187
SWE,SAU,Directed,2996,1187
IND,TUR,Directed,3227,1187
JPN,BRA,Directed,1865,1171
AUT,IRN,Directed,55,1125
KEN,MWI,Directed,818,1125
NGA,NER,Directed,2876,1125
ESP,CZE,Directed,1246,1062
GBR,MUS,Directed,1485,1062
BEL,ARG,Directed,101,1000
IND,MUS,Directed,608,1000
IRL,POL,Directed,649,1000
KOR,TUR,Directed,1075,1000
SWE,COL,Directed,1253,1000
ITA,LKA,Directed,689,992
MEX,PAN,Directed,886,976
NLD,PRK,Directed,933,957
DEU,MLT,Directed,2767,949
USA,SUR,Directed,1710,906
FRA,BRA,Directed,397,796
IRL,SVK,Directed,650,796
ARE,BLR,Directed,1796,796
PAN,NIC,Directed,2874,796
KOR,PRT,Directed,1070,781
THA,AUS,Directed,1745,761
ESP,IDN,Directed,1214,738
CRI,AUT,Directed,1750,699
IRL,CHE,Directed,3148,699
TUR,GRC,Directed,1380,695
KOR,RUS,Directed,1071,667
THA,VNM,Directed,1329,656
UGA,RWA,Directed,1385,656
IRL,ARE,Directed,651,648
SYR,SAU,Directed,3006,648
AUT,LTU,Directed,57,597
UKR,MDA,Directed,2974,597
GBR,BRB,Directed,1791,582
NLD,GAB,Directed,2275,582
FRA,PYF,Directed,2271,578
TUR,ROU,Directed,2978,571
IRL,AUS,Directed,641,570
GBR,HUN,Directed,1420,566
CHE,JPN,Directed,2691,558
TTO,LCA,Directed,1349,546
USA,NOR,Directed,2890,526
ITA,BLR,Directed,1794,500
USA,KAZ,Directed,2696,500
DNK,LTU,Directed,2726,468
ESP,PAN,Directed,1223,437
GBR,EST,Directed,1412,406
FRA,AND,Directed,1730,399
PRT,CPV,Directed,1899,398
NZL,GBR,Directed,3260,398
NLD,MEX,Directed,2779,371
USA,CZE,Directed,2106,363
DEU,PRY,Directed,2907,359
DNK,CHL,Directed,1940,347
NLD,NZL,Directed,935,343
JPN,PER,Directed,2911,304
AUT,IND,Directed,63,296
AUS,NCL,Directed,27,292
IND,LKA,Directed,600,257
CHL,BOL,Directed,1857,257
KOR,BRN,Directed,1880,257
FRA,GEO,Directed,2276,250
ITA,KWT,Directed,706,238
JOR,USA,Directed,3338,218
GBR,QAT,Directed,1441,214
FRA,NCL,Directed,432,199
SVK,DNK,Directed,1183,183
USA,URY,Directed,1600,155
PRT,MOZ,Directed,1047,148
DEU,GAB,Directed,2274,148
ITA,SVK,Directed,720,125
ESP,JOR,Directed,1218,125
GTM,CRI,Directed,563,124
BRA,AGO,Directed,192,121
TTO,KNA,Directed,1348,117
ITA,MUS,Directed,2768,113
BGR,AUT,Directed,200,109
FRA,GAB,Directed,2273,101
MYS,PHL,Directed,2921,101
AUT,NOR,Directed,59,97
KOR,TJK,Directed,1073,97
JPN,FRA,Directed,2251,97
ITA,TZA,Directed,3300,60
ITA,EST,Directed,2171,50
CHE,EST,Directed,2176,50
OMN,ARE,Directed,1003,49
SHN,TZA,Directed,3302,47
JPN,SVK,Directed,3054,44
NLD,OMN,Directed,2898,38
KOR,KHM,Directed,1077,35
USA,SVK,Directed,3056,35
MEX,DOM,Directed,877,31
KEN,SDN,Directed,820,30
GBR,SVN,Directed,3067,30
FRA,UKR,Directed,3236,30
SWE,FRO,Directed,2204,25
BRA,ITA,Directed,187,20
USA,BGR,Directed,1890,18
DEU,GTM,Directed,2409,18
MAR,ESP,Directed,3101,14
FRA,BRN,Directed,1879,10
DEU,SEN,Directed,3011,10
BEL,FIN,Directed,2215,4
