NLD,DEU,Directed,1219,2054282187
CAN,USA,Directed,437,2053553094
USA,CAN,Directed,4043,1958221311
BEL,DEU,Directed,1101,959726465
KOR,CHN,Directed,2728,1348388409
JPN,CHN,Directed,1848,1161260136
DEU,FRA,Directed,1155,793156221
FRA,DEU,Directed,1156,766608766
DEU,ITA,Directed,1184,714537373
USA,CHN,Directed,4048,1026963478
USA,MEX,Directed,2212,1054703259
DEU,BEL,Directed,1100,513829065
DEU,NLD,Directed,1218,922085313
NLD,BEL,Directed,2254,460306253
DEU,GBR,Directed,1287,405074036
BEL,NLD,Directed,2255,395482871
NLD,GBR,Directed,2431,376778554
NLD,FRA,Directed,2306,368058578
ITA,DEU,Directed,1185,363165969
SAU,NLD,Directed,2999,540863209
SAU,CHN,Directed,2947,438146642
AUT,DEU,Directed,1091,325846254
SGP,MYS,Directed,3165,560008602
NLD,ITA,Directed,2338,295213555
DEU,AUT,Directed,1090,292829448
USA,BEL,Directed,4032,289837597
USA,NLD,Directed,4136,450033944
DEU,CHE,Directed,3625,478243444
FRA,ESP,Directed,3278,227319699
SGP,CHN,Directed,3126,354444809
KOR,IDN,Directed,2760,425298093
KOR,IND,Directed,2758,384054663
GBR,DEU,Directed,1288,203439228
MEX,USA,Directed,2211,294462407
DEU,SWE,Directed,3468,318548667
USA,JPN,Directed,1967,346435144
DEU,ESP,Directed,3280,316288279
JPN,THA,Directed,3768,328904281
CSK,DEU,Directed,1135,162566020
SAU,SGP,Directed,3017,268283807
CAN,CHN,Directed,345,255992990
SAU,FRA,Directed,2964,152962638
USA,KOR,Directed,2831,298496565
USA,SGP,Directed,3224,299149099
JPN,MYS,Directed,2081,276898241
JPN,KOR,Directed,2770,286143852
SAU,ARE,Directed,3036,178293363
SAU,IND,Directed,2972,232152020
KOR,PHL,Directed,2798,135899004
DEU,DNK,Directed,860,256823066
ESP,ITA,Directed,3299,133314232
HRV,ITA,Directed,745,130426000
BEL,ESP,Directed,3240,129576048
FRA,NLD,Directed,2307,129429563
ESP,FRA,Directed,3277,128375516
JPN,SGP,Directed,1941,246279534
HUN,ITA,Directed,1441,121698014
SAU,GBR,Directed,3038,115282600
USA,DEU,Directed,1292,178427974
ITA,ESP,Directed,3300,113213577
ESP,DEU,Directed,3279,219228682
JPN,USA,Directed,1966,221152060
GBR,NLD,Directed,2432,109429729
JPN,IDN,Directed,1881,215253025
SAU,BEL,Directed,2938,106078569
ESP,PRT,Directed,3336,209721006
POL,DEU,Directed,1239,103438559
USA,COL,Directed,4053,201643632
USA,VEN,Directed,4201,99528950
USA,GBR,Directed,4197,97249458
SAU,IDN,Directed,2974,178838978
SGP,IDN,Directed,1698,95948906
ITA,CHE,Directed,3643,95794391
DEU,USA,Directed,4086,168920634
BEL,DNK,Directed,834,94170415
NLD,ESP,Directed,3319,177529218
CHE,DEU,Directed,1271,170621533
NOR,DEU,Directed,1226,88567365
FRA,CHE,Directed,3622,87815932
NLD,SWE,Directed,3513,167942735
BRA,ARG,Directed,196,87558630
USA,GTM,Directed,4092,87528790
USA,AUS,Directed,4024,163140902
DEU,RUS,Directed,1248,85884909
DEU,FIN,Directed,1002,147088599
NOR,SWE,Directed,3520,78413000
NLD,DNK,Directed,892,147888090
KOR,JPN,Directed,2769,150405304
PRT,ESP,Directed,3337,147903310
GBR,IRL,Directed,1796,74032675
USA,CRI,Directed,4056,73687387
SAU,PAK,Directed,3008,73506680
SWE,DEU,Directed,1269,100495885
USA,CHL,Directed,4046,133658801
DEU,CHN,Directed,1120,105185302
BRA,CHN,Directed,216,108300841
SAU,JPN,Directed,2982,120022916
ITA,GRC,Directed,1344,68737477
USA,IDN,Directed,1714,132812722
NLD,CHE,Directed,3663,126818588
FIN,BEL,Directed,978,64256593
NLD,AUT,Directed,2248,64138461
NLD,CHN,Directed,2276,105104812
USA,ECU,Directed,4070,111522407
USA,PHL,Directed,4153,62076643
HUN,DEU,Directed,1428,122545313
USA,THA,Directed,3814,111002716
USA,BRA,Directed,306,111178547
ESP,GBR,Directed,3364,55827256
USA,NZL,Directed,2513,107865092
SAU,MAR,Directed,2997,54856854
USA,ARG,Directed,4021,54764540
SGP,THA,Directed,3214,99122639
FIN,SWE,Directed,3461,103725594
BRA,IND,Directed,241,98418611
SAU,DEU,Directed,1253,54070124
USA,IND,Directed,1621,105867652
BEL,CHE,Directed,3585,52869283
SAU,SYR,Directed,3028,51604039
COL,CHL,Directed,637,92800549
BEL,SWE,Directed,3423,50918000
NOR,FIN,Directed,1040,50146582
KOR,THA,Directed,2823,97689318
USA,NGA,Directed,4142,49457333
CAN,IDN,Directed,376,97493408
NOR,DNK,Directed,897,48984152
BEL,CHN,Directed,506,48970151
USA,PER,Directed,4152,94190799
QAT,CHN,Directed,586,48131386
ARG,BRA,Directed,197,47522730
SWE,DNK,Directed,918,77390582
KOR,IRN,Directed,2761,47107960
THA,CHN,Directed,3738,64850926
DEU,JPN,Directed,1872,82128808
COL,VEN,Directed,713,45222272
DEU,POL,Directed,1238,45000642
ESP,BEL,Directed,3239,44597578
TUR,BEL,Directed,3882,44494000
ITA,TUR,Directed,3922,43475342
DEU,NOR,Directed,1225,43458118
USA,MYS,Directed,2128,70917208
BEL,GRC,Directed,1311,42674682
FRA,GRC,Directed,1332,42551290
KOR,PAK,Directed,2795,42535451
AUS,NZL,Directed,2446,84588621
KOR,VNM,Directed,2833,42258952
DEU,TUR,Directed,3908,77267608
SGP,PHL,Directed,3188,41657079
SAU,MYS,Directed,2992,82641274
FRA,PRT,Directed,2642,40897726
BEL,FIN,Directed,979,38839708
SAU,TUN,Directed,3032,68809427
MEX,GBR,Directed,2207,38552284
KOR,SGP,Directed,2811,76558374
USA,IRN,Directed,4104,38029801
SWE,FIN,Directed,1061,64369226
SAU,PHL,Directed,3010,37652864
BRA,USA,Directed,305,71635574
NLD,USA,Directed,4137,68693551
GBR,SWE,Directed,3558,37014000
USA,DOM,Directed,4068,36785461
FIN,DEU,Directed,1152,60793643
SAU,JOR,Directed,2984,36749003
RUS,TUR,Directed,3950,36598074
DEU,IRL,Directed,1741,71545920
USA,HND,Directed,4095,36227794
NLD,TUR,Directed,2422,71437800
DEU,PRT,Directed,2644,66424438
DEU,IDN,Directed,1655,64310003
DEU,GRC,Directed,1334,63316542
ITA,CHN,Directed,551,34305567
BEL,IDN,Directed,1632,34172930
BRA,CHL,Directed,452,66573208
BEL,PRT,Directed,2618,33898670
KOR,NLD,Directed,2784,62343404
GBR,USA,Directed,4198,33338212
BEL,TUR,Directed,3883,33170762
SAU,KEN,Directed,2986,58609695
VEN,COL,Directed,714,32822307
USA,ISR,Directed,4107,32799409
KOR,MYS,Directed,2106,60829146
HUN,AUT,Directed,1400,32644635
BRA,URY,Directed,303,32588395
SAU,EGY,Directed,2957,32564791
TUR,IRN,Directed,3917,32176382
DEU,KOR,Directed,2748,56507975
JPN,DEU,Directed,1188,62350873
JPN,PHL,Directed,1923,31823152
TUR,FRA,Directed,3904,31219568
ITA,DZA,Directed,10,30996452
USA,FRA,Directed,4079,30614207
USA,ARE,Directed,4195,50443045
SAU,KWT,Directed,2988,30310787
SAU,AUS,Directed,2930,52396900
BGR,TUR,Directed,3887,29676146
DEU,IRN,Directed,1177,29657460
NLD,IRL,Directed,1765,58076979
SAU,ITA,Directed,2980,29452424
BRA,NLD,Directed,264,42645743
QAT,SAU,Directed,3013,29370532
FRA,DNK,Directed,858,29206344
ITA,USA,Directed,4110,29167227
MYS,SGP,Directed,3166,56091746
ROU,TUR,Directed,2895,54441826
CAN,AUS,Directed,329,46996525
SAU,ESP,Directed,3344,48995155
USA,ITA,Directed,4109,28651237
MEX,NLD,Directed,2184,52505361
MEX,DEU,Directed,1212,53566713
USA,PAN,Directed,4149,28287224
FIN,DNK,Directed,855,52132758
DEU,HUN,Directed,1429,49076771
FRA,CHN,Directed,531,27170899
ESP,RUS,Directed,3342,27123589
FRA,SWE,Directed,3466,27117000
GBR,ESP,Directed,3365,26708396
COL,PER,Directed,691,52220058
NLD,GRC,Directed,1352,49302815
MYS,CHN,Directed,2056,28680695
DEU,CSK,Directed,1134,26279486
HUN,PAK,Directed,1457,26264889
SAU,THA,Directed,3030,51858662
GBR,SGP,Directed,3222,26125510
MEX,CHL,Directed,468,48006075
PRT,BEL,Directed,2617,25839798
CSK,HUN,Directed,1418,25826983
FRA,TUR,Directed,3905,25811586
SGP,BGD,Directed,151,47792002
CAN,NGA,Directed,402,25717900
USA,EGY,Directed,4071,25318530
JPN,NLD,Directed,1908,42415698
NLD,FIN,Directed,1036,49217775
HRV,DEU,Directed,735,43700948
AUT,CHE,Directed,3578,25015623
KOR,AUS,Directed,2713,46624426
BEL,SAU,Directed,2939,24164036
SAU,SWE,Directed,3537,44536698
NLD,JPN,Directed,1909,47489996
DEU,CAN,Directed,368,43900090
DEU,ISR,Directed,1182,23856386
JPN,AUS,Directed,1830,46295600
KOR,BEL,Directed,2719,23592931
FRA,USA,Directed,4080,23546333
SGP,LKA,Directed,3404,37213086
DEU,SGP,Directed,3142,43525706
AUS,CHN,Directed,44,28068157
ESP,EGY,Directed,3269,22997746
KOR,RUS,Directed,2805,22902964
FRA,IRL,Directed,1739,22857673
BRA,IDN,Directed,242,42930746
ESP,NLD,Directed,3318,43180777
HUN,ISR,Directed,1439,22553025
ESP,MAR,Directed,3316,22537154
CHE,ITA,Directed,3642,22304627
ITA,NLD,Directed,2339,21980289
SAU,OMN,Directed,3006,38468267
KOR,ITA,Directed,2766,21829810
USA,SAU,Directed,4169,42748412
TUR,ITA,Directed,3921,21701616
DEU,AUS,Directed,58,37941980
USA,TUR,Directed,3973,41057281
NLD,ISR,Directed,2336,21264304
CHE,FRA,Directed,3621,21226906
KOR,TUR,Directed,2825,41195754
ITA,TUN,Directed,3852,20965036
NLD,PRT,Directed,2671,35636587
SAU,YEM,Directed,3044,20825482
AUT,NLD,Directed,2249,20672731
HRV,SVN,Directed,770,20602525
SAU,LBN,Directed,2990,20553875
NLD,SGP,Directed,3177,36785351
AUT,HUN,Directed,1401,20234893
COL,ECU,Directed,651,38210942
PRT,ITA,Directed,2657,20109396
JPN,BEL,Directed,1837,19992954
BEL,IRL,Directed,1722,19934018
HUN,CHN,Directed,1412,31830173
BRA,PRT,Directed,2620,39157447
ITA,PRT,Directed,2658,19810971
JPN,GBR,Directed,1961,19806994
USA,FIN,Directed,1075,36382978
USA,JAM,Directed,1824,38729283
BEL,JPN,Directed,1838,19472707
ARG,CHL,Directed,446,19377165
USA,PAK,Directed,4147,19373676
USA,SLV,Directed,4072,19288389
ESP,GRC,Directed,1374,37472784
DEU,THA,Directed,3753,33760068
BRA,ARE,Directed,300,36131562
CHN,SGP,Directed,3127,22557920
MEX,BRA,Directed,262,36263105
KOR,BGD,Directed,148,35833708
AUS,IDN,Directed,64,36138392
SGP,IND,Directed,3148,35438031
CHN,THA,Directed,3739,22529162
THA,MYS,Directed,3772,33947374
JPN,IND,Directed,1879,34563348
DEU,SCG,Directed,1255,32328685
SGP,AUS,Directed,3107,32725178
BRA,GBR,Directed,301,17949516
SWE,NLD,Directed,2412,23879529
FRA,IDN,Directed,1653,17919307
THA,VNM,Directed,3815,17838834
BRA,ITA,Directed,247,17833085
HUN,EGY,Directed,1422,17809893
DEU,MYS,Directed,2070,31451548
NLD,IRN,Directed,2333,17615365
BRA,ESP,Directed,287,32689297
GBR,CHE,Directed,3712,17576327
GBR,DNK,Directed,927,17483761
HUN,BEL,Directed,1404,17325294
KOR,USA,Directed,4160,34228173
HUN,GBR,Directed,1489,16988686
CAN,IND,Directed,375,31929206
FIN,GBR,Directed,1071,16778081
SAU,BHR,Directed,2935,16735630
TUR,GRC,Directed,3909,33161198
ESP,NGA,Directed,3322,16325193
GBR,CAN,Directed,434,16098090
CAN,THA,Directed,3736,29306813
ROU,GRC,Directed,1365,31016123
AUT,DNK,Directed,830,15921197
HUN,SCG,Directed,1471,27179994
GRC,ITA,Directed,1343,15668124
NLD,SAU,Directed,3000,30632003
HRV,CHN,Directed,727,15561000
NLD,NOR,Directed,2374,15519333
FRA,FIN,Directed,999,15407677
GBR,SAU,Directed,3039,15300305
DEU,EGY,Directed,1145,15285045
HUN,FRA,Directed,1425,15204010
CSK,TUR,Directed,3896,15176811
PRT,GBR,Directed,2702,15023691
BEL,USA,Directed,4033,15012753
GBR,CHN,Directed,612,14994729
ESP,TUR,Directed,3959,29819072
SAU,IRN,Directed,2976,14767687
BRA,NGA,Directed,268,14746936
MEX,ARG,Directed,2132,14742538
SWE,NOR,Directed,3519,14730148
SCG,IND,Directed,3073,27324061
FRA,JPN,Directed,1869,14455073
NLD,IDN,Directed,2331,27562993
USA,ESP,Directed,3369,22995124
RUS,HUN,Directed,1469,14108957
IDN,SGP,Directed,1697,14108004
JPN,NZL,Directed,2478,27638691
BRA,PRY,Directed,273,27728890
ISR,DEU,Directed,1183,13856489
NOR,NLD,Directed,2375,13687280
SGP,VNM,Directed,3225,13667647
POL,NLD,Directed,2385,13480906
ESP,CHN,Directed,3250,24035291
SAU,DZA,Directed,2928,17525011
HUN,GRC,Directed,1431,26212452
CHE,AUT,Directed,3577,13068211
RUS,CHN,Directed,590,13024999
USA,SWE,Directed,3561,21011881
TUR,EGY,Directed,3901,12920760
URY,BRA,Directed,304,12910351
BEL,SGP,Directed,3114,12892972
NOR,IND,Directed,1581,12651324
CHE,GBR,Directed,3711,12645239
CAN,MYS,Directed,2053,24610333
SAU,KOR,Directed,3014,23499903
MEX,CHN,Directed,2150,20115245
JPN,ITA,Directed,1888,12359939
USA,CHE,Directed,3716,18016803
USA,TTO,Directed,3835,23486689
KOR,ARE,Directed,2826,22394987
TUR,DEU,Directed,1281,16507746
FRA,DZA,Directed,6,11945456
GBR,AUS,Directed,123,11921109
BEL,ARE,Directed,3978,11879779
MYS,IDN,Directed,1669,22702516
CHN,IDN,Directed,1641,16453375
TUR,CHN,Directed,608,22887550
CSK,IND,Directed,1542,11559051
USA,HRV,Directed,782,11478568
FRA,THA,Directed,3749,11474937
ESP,CHE,Directed,3354,22830364
CAN,DEU,Directed,1115,19950868
CAN,EGY,Directed,360,11288342
GBR,MYS,Directed,2126,11224785
BEL,IND,Directed,1530,11195426
DEU,NGA,Directed,1224,11153527
CSK,IDN,Directed,1644,11151781
SVN,HRV,Directed,771,11079675
FRA,AUS,Directed,55,11026071
GBR,FIN,Directed,1072,11026023
DEU,MEX,Directed,2168,19268927
SGP,NPL,Directed,3175,10964173
ESP,TUN,Directed,3864,21728103
ISR,GRC,Directed,1342,10889089
MEX,CHE,Directed,2202,16103500
SCG,DEU,Directed,1256,15205046
SGP,JPN,Directed,1942,20469342
SAU,LKA,Directed,3022,18746956
NLD,SYR,Directed,2415,10522765
GBR,JPN,Directed,1962,10478566
AUS,IND,Directed,63,19014998
SGP,PAK,Directed,3185,10398537
NLD,IND,Directed,1578,19225369
USA,IRL,Directed,1798,19794841
GBR,IDN,Directed,1711,10298226
BEL,THA,Directed,3731,10277026
HUN,RUS,Directed,1468,10272399
DEU,IND,Directed,1173,20017263
SAU,FIN,Directed,2960,18690375
GBR,HRV,Directed,781,10085142
FRA,TUN,Directed,3846,10041105
BRA,SAU,Directed,282,17709999
MYS,THA,Directed,2121,20032634
HUN,CSK,Directed,1417,9984156
RUS,DEU,Directed,1249,9974185
NLD,NGA,Directed,2373,9965167
FRA,MYS,Directed,2067,9937923
BRA,BOL,Directed,205,18265746
NLD,RUS,Directed,2393,9795768
CHN,MYS,Directed,2057,10323206
NLD,MAR,Directed,2365,9721144
ITA,IRL,Directed,1753,9709557
ITA,DNK,Directed,878,9694031
DEU,SAU,Directed,2967,17393733
SVN,DEU,Directed,1262,9677880
JPN,ESP,Directed,3302,18439662
ITA,HRV,Directed,746,9509849
NLD,ARE,Directed,3996,18575909
POL,TUR,Directed,3943,9350519
CHN,KOR,Directed,2729,12517941
ROU,GBR,Directed,2899,9231000
AUT,SWE,Directed,3417,9191069
GBR,PRT,Directed,2703,9186674
FRA,SGP,Directed,3139,9158633
DEU,BRA,Directed,236,17240715
HUN,TUR,Directed,3911,17725839
DEU,HRV,Directed,736,13927435
GBR,TUR,Directed,3971,9068277
CHN,USA,Directed,614,17057389
SGP,MMR,Directed,3174,15211434
BGR,SCG,Directed,3054,8930000
CAN,NZL,Directed,2453,17506420
RUS,FIN,Directed,1050,8837859
PRT,FRA,Directed,2641,8806817
ITA,SWE,Directed,3490,8794368
COL,BRA,Directed,633,17403105
DNK,SWE,Directed,3449,16886472
DEU,ARG,Directed,1085,8662303
ESP,IRN,Directed,3294,8627997
FRA,KOR,Directed,2746,8622138
SAU,GRC,Directed,2968,16665833
FRA,SAU,Directed,2965,8591521
ITA,HUN,Directed,1442,8583408
HUN,SYR,Directed,1484,8536523
JPN,SAU,Directed,1937,16048559
SWE,GRC,Directed,1375,8854138
IRL,GBR,Directed,1795,8518513
AUS,MYS,Directed,2039,16361350
DNK,DEU,Directed,859,16554380
KOR,NZL,Directed,2787,16359689
BEL,MYS,Directed,2045,8333896
CSK,NLD,Directed,2287,8330581
PRT,DEU,Directed,1241,10291214
BRA,BEL,Directed,203,8311886
DEU,TUN,Directed,3848,16111792
GBR,ARE,Directed,4013,8284348
ESP,DZA,Directed,24,15400634
SWE,FRA,Directed,3465,8240270
HUN,IDN,Directed,1657,15590163
HUN,CHE,Directed,1482,15756366
GBR,THA,Directed,3812,8120135
TUR,SYR,Directed,3964,8099752
HRV,TUR,Directed,777,10819500
MEX,ECU,Directed,2162,14550413
MEX,GTM,Directed,2169,8085868
BRA,IRN,Directed,243,8054000
NLD,LBN,Directed,2348,8040860
CAN,JPN,Directed,386,15902278
SAU,NZL,Directed,2497,14582737
NZL,AUS,Directed,86,15639962
DEU,SVN,Directed,1261,7888127
JPN,IRN,Directed,1883,7886928
BGR,GRC,Directed,1315,7837111
SCG,GRC,Directed,1371,12829522
HUN,NLD,Directed,2326,14549838
SWE,USA,Directed,3560,14118181
QAT,MYS,Directed,2104,7791632
SWE,GBR,Directed,3557,7701395
AUT,GRC,Directed,1308,7692613
CHN,JPN,Directed,1849,10274526
SWE,CHE,Directed,3701,9664536
ROU,DEU,Directed,1247,14772909
ITA,IND,Directed,1565,7644679
CAN,SGP,Directed,3124,13327819
JPN,FRA,Directed,1868,7608096
BEL,KOR,Directed,2720,7583849
GBR,BRA,Directed,302,7574628
JPN,PAK,Directed,1917,7547569
FIN,NOR,Directed,1039,7536013
DEU,PAK,Directed,1229,7531039
DEU,ARE,Directed,1285,14117310
BEL,TUN,Directed,3840,7502351
KOR,GBR,Directed,2827,7471299
HRV,GRC,Directed,738,11474937
IDN,MYS,Directed,2075,13898866
HUN,BGR,Directed,1407,7433510
ROU,BGR,Directed,2841,7313000
BRA,CIV,Directed,221,7263000
MEX,SLV,Directed,2163,7237343
JPN,CAN,Directed,387,14217322
DEU,COL,Directed,660,13209918
IDN,CHN,Directed,1640,13973957
IRL,USA,Directed,4106,12179886
NLD,HUN,Directed,1453,12385004
MEX,CYM,Directed,2147,7048710
KOR,DEU,Directed,1244,11277857
CHE,TUR,Directed,3963,8162230
ARG,COL,Directed,625,6908812
SWE,IND,Directed,1605,6971826
HRV,FRA,Directed,733,6902000
CSK,CHN,Directed,517,6815003
BRA,ZWE,Directed,309,6805750
CAN,NLD,Directed,397,13222432
CAN,ITA,Directed,383,6748862
GBR,GRC,Directed,1383,6724234
LBY,TUN,Directed,3855,6690449
BEL,HUN,Directed,1405,6677995
BEL,NZL,Directed,2450,6590058
ROU,MYS,Directed,2107,10183007
DEU,MAR,Directed,1214,6575121
ESP,IRL,Directed,3295,11753224
THA,SGP,Directed,3800,12909992
CAN,ARG,Directed,327,6525936
SWE,TUR,Directed,3961,7137366
FRA,IND,Directed,1552,6448697
AUS,SGP,Directed,3108,12409855
MEX,URY,Directed,2209,6371326
PRT,NGA,Directed,2673,6364500
SGP,BEL,Directed,3113,6356669
BEL,AUS,Directed,38,6343411
CHE,NLD,Directed,2414,9707056
THA,IDN,Directed,1704,12579372
CSK,GRC,Directed,1324,6317435
NLD,SCG,Directed,2400,10319859
DEU,SYR,Directed,1272,6299424
HUN,POL,Directed,1460,6275038
BRA,PER,Directed,2574,12340026
SCG,TUR,Directed,3955,6343406
ESP,ISR,Directed,3297,6167291
ITA,SAU,Directed,2981,6163715
JPN,ARE,Directed,1959,9557219
PRK,IND,Directed,1544,6078349
ITA,SCG,Directed,3080,6060179
VEN,ESP,Directed,3371,6055242
ESP,CYP,Directed,3257,11551950
NOR,CHN,Directed,575,5944375
HRV,NLD,Directed,754,10191957
ESP,DNK,Directed,3263,11370302
CHE,DNK,Directed,920,10943905
MEX,TUR,Directed,3934,10181062
FRA,MEX,Directed,2166,5925757
JPN,VNM,Directed,1969,5881366
BRA,COL,Directed,634,11431382
CHE,USA,Directed,4185,10513019
ISR,PRT,Directed,2656,5855093
CAN,PHL,Directed,409,5850062
CSK,DNK,Directed,848,5849312
SWE,MYS,Directed,2118,6232008
KOR,LKA,Directed,2816,11397674
RUS,SGP,Directed,3200,5735291
ITA,IDN,Directed,1662,5689730
DEU,PHL,Directed,1236,5682558
NLD,POL,Directed,2384,5661595
FIN,IDN,Directed,1650,10863095
AUT,TUR,Directed,3876,5629858
JPN,MEX,Directed,1902,11105471
BRA,SYR,Directed,294,5613000
FRA,ARE,Directed,3985,5609976
CAN,KOR,Directed,2726,10460355
SWE,BEL,Directed,3422,5556321
ROU,BEL,Directed,2838,5469000
NLD,ARG,Directed,2242,5464647
GRC,EGY,Directed,1328,5454482
HUN,SGP,Directed,3147,10769468
DEU,LBY,Directed,1199,5438213
FIN,CHN,Directed,985,9493658
USA,DNK,Directed,930,9548019
BRA,ECU,Directed,227,9604027
FRA,HUN,Directed,1426,5386705
SWE,THA,Directed,3806,5520118
FIN,ESP,Directed,3274,7932199
KOR,NGA,Directed,2790,5326300
IDN,PHL,Directed,1684,5324915
FRA,KEN,Directed,1985,5303942
CSK,SCG,Directed,3059,5289000
GBR,KOR,Directed,2828,5285081
ISR,TUR,Directed,3920,5255741
CAN,DNK,Directed,355,10330895
ROU,IND,Directed,2862,10143375
PRT,NLD,Directed,2387,9798435
SAU,CHE,Directed,3026,9966487
ESP,IND,Directed,3291,8846041
CSK,CHE,Directed,3610,5187146
DEU,ROU,Directed,2856,7674141
ESP,AUT,Directed,3234,5178748
THA,PAK,Directed,3787,5173375
AUS,PHL,Directed,93,5153133
USA,NIC,Directed,4140,5109900
CHN,DEU,Directed,1121,7911733
AUT,SCG,Directed,3049,5099833
JPN,LKA,Directed,3390,9978545
KOR,SWE,Directed,3531,9758795
FIN,THA,Directed,3748,8932194
GRC,FRA,Directed,1331,5002904
ITA,CYP,Directed,804,4985108
KOR,KEN,Directed,2772,9449543
NLD,CSK,Directed,2286,4945337
SGP,KOR,Directed,3195,9232236
PRK,CHN,Directed,519,4911665
ROU,SCG,Directed,3092,9092000
FRA,SCG,Directed,3064,4857000
CAN,CHL,Directed,453,9445976
FIN,FRA,Directed,998,4838759
HUN,DNK,Directed,867,9356307
CHE,BEL,Directed,3584,4801610
DEU,CHL,Directed,461,8952273
TUR,PRT,Directed,3944,9499363
NLD,EGY,Directed,2295,4685436
AUS,PAK,Directed,89,4667529
KOR,CAN,Directed,2725,8708445
FIN,NLD,Directed,2303,6736881
NLD,NZL,Directed,2483,9262140
SAU,TUR,Directed,3953,7990418
ESP,SWE,Directed,3352,8878603
MEX,KOR,Directed,2781,8790470
IDN,THA,Directed,1703,7564106
JPN,ISR,Directed,1886,4527394
PRT,MAR,Directed,2668,4514606
PRT,GRC,Directed,1361,8590831
KOR,GRC,Directed,2750,7622626
IDN,IND,Directed,1658,6998714
USA,BOL,Directed,191,8377616
SWE,ESP,Directed,3353,5841830
KOR,EGY,Directed,2738,4421546
HUN,FIN,Directed,1007,8649226
GBR,IND,Directed,1618,4376964
RUS,SCG,Directed,3094,4376000
PRT,EGY,Directed,2637,4368187
ITA,KOR,Directed,2767,4357219
AUT,ESP,Directed,3235,4331264
NLD,MYS,Directed,2090,6958515
BRA,AUS,Directed,198,7838501
ESP,LBN,Directed,3306,4315158
CAN,GBR,Directed,433,4306704
THA,BGD,Directed,155,7959873
MEX,ITA,Directed,2178,4286965
SCG,CHN,Directed,594,4236976
SCG,EGY,Directed,3061,4225000
BRA,VEN,Directed,307,4196241
ROU,ITA,Directed,2867,4175000
FIN,TUR,Directed,3902,6831385
FIN,ITA,Directed,1017,4160459
ESP,SAU,Directed,3021,8068633
NLD,CIV,Directed,2282,4138113
ESP,COL,Directed,3252,7861853
HUN,IRN,Directed,1436,4135749
USA,CIV,Directed,4058,4080546
SAU,NGA,Directed,3003,4069808
FIN,ISR,Directed,1015,4067751
POL,IDN,Directed,1686,4052000
CAN,BEL,Directed,336,4016453
AUS,BGD,Directed,129,5782389
HRV,EGY,Directed,732,3988000
ARG,PRY,Directed,2551,3981015
SCG,NLD,Directed,2401,4237286
NLD,BRA,Directed,2260,6954380
HUN,HRV,Directed,740,3935000
CAN,IRN,Directed,377,3931750
DEU,MLT,Directed,1207,3929557
ISR,USA,Directed,4108,3923621
CSK,THA,Directed,3741,3921375
BRA,SGP,Directed,3117,6443590
SAU,CYP,Directed,2949,7697476
FIN,POL,Directed,1043,3886879
ARE,SAU,Directed,3037,3889770
DEU,DZA,Directed,8,6195418
CHL,PER,Directed,2577,7597820
SWE,IRN,Directed,3482,3867751
CAN,TTO,Directed,3819,6086361
MEX,DOM,Directed,2161,3809780
DEU,BGR,Directed,1109,3805569
ITA,ROU,Directed,2868,3788158
SWE,SGP,Directed,3211,4401082
ITA,SGP,Directed,3156,3785438
SGP,ARE,Directed,3219,6594221
MEX,COL,Directed,2152,6949826
DEU,VEN,Directed,1294,3730098
NLD,KEN,Directed,2344,6738299
KOR,SAU,Directed,2807,7023998
ROU,HUN,Directed,1467,6980050
DEU,AGO,Directed,1084,3701428
ITA,THA,Directed,3766,3700726
SGP,NZL,Directed,3179,7232556
THA,NGA,Directed,3784,3695000
SWE,ITA,Directed,3489,3677009
ESP,KEN,Directed,3304,6775596
CAN,TUR,Directed,431,6964830
FIN,RUS,Directed,1049,3645589
JPN,FIN,Directed,1020,7057574
DEU,NZL,Directed,2467,7007077
ROU,EGY,Directed,2850,3565000
FRA,BRA,Directed,234,3551635
TUR,NLD,Directed,3936,5950838
NLD,AUS,Directed,83,6400645
CHE,ESP,Directed,3355,6627296
NLD,HRV,Directed,755,3834476
DEU,LBN,Directed,1197,3498485
CHE,HRV,Directed,776,3507017
HRV,BIH,Directed,723,3475999
PRT,TUR,Directed,2699,6866830
THA,IND,Directed,3757,5820477
BEL,DZA,Directed,2,3435148
POL,CHN,Directed,583,3424687
BRA,TUR,Directed,299,5590955
CAN,DOM,Directed,358,3409557
ITA,BRA,Directed,248,3405485
COL,USA,Directed,711,6754550
JPN,BGD,Directed,1835,6622722
QAT,SGP,Directed,3194,3366000
CHN,NLD,Directed,569,5743474
AUT,HRV,Directed,718,3294353
AUS,THA,Directed,115,6530989
DEU,UKR,Directed,1283,3234332
COL,TTO,Directed,3821,5601075
DNK,NOR,Directed,896,3225401
ROU,SGP,Directed,3198,6196105
SWE,PRT,Directed,2694,3818553
MEX,JPN,Directed,1903,4944758
HUN,ESP,Directed,3289,6227124
FRA,CAN,Directed,365,3102854
FRA,MDG,Directed,2019,3085778
DEU,CRI,Directed,1127,3072565
SGP,IRN,Directed,3150,3053312
KOR,ESP,Directed,3339,5674636
ROU,IRN,Directed,2863,3037000
GRC,SYR,Directed,1378,3030312
ESP,CIV,Directed,3255,3024408
AUT,CHN,Directed,502,3012249
TUR,USA,Directed,3972,3003198
CAN,IRL,Directed,379,5312530
MYS,PHL,Directed,2099,2969402
SCG,ITA,Directed,3079,2958000
BGR,ROU,Directed,2842,2950000
CSK,SWE,Directed,3445,2942000
CAN,VEN,Directed,439,2939549
JPN,RUS,Directed,1934,2920338
NLD,TUN,Directed,2421,5710818
DEU,PER,Directed,2586,5174051
CHE,MEX,Directed,2203,3068682
DEU,BLR,Directed,1098,2845726
KOR,FRA,Directed,2745,2843645
BRA,FRA,Directed,233,2820994
SAU,BGD,Directed,2937,5358862
QAT,BGD,Directed,147,2819750
NLD,CAN,Directed,398,5145832
ARG,CHN,Directed,497,2812937
NLD,THA,Directed,3780,4751342
ARE,SGP,Directed,3220,2801858
FIN,MYS,Directed,1029,5331261
USA,SEN,Directed,4171,2799396
SWE,JPN,Directed,3492,4927031
HUN,IND,Directed,1434,5518655
NOR,IRL,Directed,1770,2781001
MEX,IND,Directed,1575,3735551
CHN,PAK,Directed,578,2774096
ITA,CAN,Directed,384,2763378
SAU,USA,Directed,3041,4329069
QAT,THA,Directed,3794,2736500
JPN,COL,Directed,675,5266596
BHR,IDN,Directed,1629,2727000
GRC,CYP,Directed,798,5152398
GRC,TUR,Directed,3910,5123545
GBR,CHL,Directed,484,2700194
DEU,JOR,Directed,1189,2691442
PRT,ISR,Directed,2655,2663500
DEU,YEM,Directed,1299,2660587
NLD,CMR,Directed,2268,2659507
COL,ARG,Directed,624,2645588
NOR,ESP,Directed,3324,2640579
CHE,FIN,Directed,1063,4357415
ARG,IDN,Directed,1625,2633250
CAN,ISR,Directed,381,2622869
AUS,USA,Directed,124,3916217
USA,BGD,Directed,159,3369134
NLD,JOR,Directed,2343,2577575
CAN,BRA,Directed,213,4191256
ITA,FIN,Directed,1018,2572125
FIN,GRC,Directed,1004,5093172
ITA,AUS,Directed,71,2546607
DEU,KEN,Directed,1986,4653266
HRV,AUT,Directed,717,2533000
THA,AUS,Directed,116,4676672
DEU,BGD,Directed,136,4074075
CAN,SAU,Directed,2946,3383730
NLD,DZA,Directed,2238,4447870
HUN,PHL,Directed,1459,2489124
TUR,CYP,Directed,3894,2481835
USA,NOR,Directed,4144,2480143
DNK,FIN,Directed,995,4732108
FIN,PRT,Directed,2639,3439128
ROU,NLD,Directed,2876,2451000
SWE,IDN,Directed,1701,3840317
BEL,CYP,Directed,787,2441480
POL,KOR,Directed,2801,2437788
SGP,NLD,Directed,3176,3597443
USA,LKA,Directed,3411,3964639
BRA,DEU,Directed,1107,4153483
CAN,LBN,Directed,389,2411413
POL,IRL,Directed,1773,2407937
ARG,PER,Directed,2569,2404933
HUN,CYP,Directed,1416,4645223
CHE,SWE,Directed,3548,4396707
HUN,THA,Directed,1485,4690530
ESP,PAK,Directed,3326,2374600
BRA,CRI,Directed,220,2373374
SGP,MUS,Directed,3169,2357697
JPN,BRA,Directed,1841,4666139
JPN,CHE,Directed,3646,4139015
ESP,IDN,Directed,1699,4593876
CSK,FIN,Directed,993,2324799
ARG,USA,Directed,4022,2323554
NLD,LKA,Directed,3394,2593353
ARG,ECU,Directed,933,2306241
SCG,BGR,Directed,3053,2302000
QAT,IND,Directed,1589,2288187
DEU,CYP,Directed,796,4366983
MYS,IND,Directed,2072,4013434
TUR,LBY,Directed,3931,2261675
USA,TUN,Directed,3869,3955709
SWE,KOR,Directed,2819,2423059
ESP,SEN,Directed,3345,2249495
IRL,DEU,Directed,1740,4093896
SWE,AUT,Directed,3416,2234906
CAN,PAK,Directed,405,2227750
DNK,GBR,Directed,926,2223739
TUR,GBR,Directed,3970,2221937
ESP,ARG,Directed,3230,2208157
NLD,PHL,Directed,2382,2205567
COL,NLD,Directed,682,2205000
MEX,CRI,Directed,2154,2192713
ITA,JPN,Directed,1889,2189016
HUN,USA,Directed,4097,4172123
SWE,CAN,Directed,425,2904076
TUR,IND,Directed,3913,4115405
ISR,ESP,Directed,3298,2175413
GBR,NZL,Directed,2510,2167539
MEX,PRT,Directed,2667,2220408
NOR,ISL,Directed,1507,2162316
IDN,ITA,Directed,1661,2152871
VEN,PER,Directed,2609,2148550
USA,URY,Directed,4200,2145333
USA,KEN,Directed,4115,3469671
FIN,EGY,Directed,997,2122202
KOR,MMR,Directed,2228,3723764
FIN,JPN,Directed,1867,3699014
AUT,IDN,Directed,1628,2095522
PRT,SWE,Directed,3529,4079023
NLD,PAK,Directed,2377,2085132
JPN,DZA,Directed,11,2144739
GBR,HUN,Directed,1490,2064078
USA,KWT,Directed,4118,2061543
USA,MAR,Directed,4133,2055572
USA,BRB,Directed,4031,2042502
DEU,CIV,Directed,1128,2041165
CHN,BEL,Directed,505,2038000
CAN,SWE,Directed,3432,3675517
CAN,HND,Directed,374,2027937
NLD,ISL,Directed,1506,3914913
DEU,ECU,Directed,1144,3750852
SAU,QAT,Directed,3012,2010007
NOR,ARE,Directed,3998,2005675
MEX,VEN,Directed,2213,2003235
NLD,YEM,Directed,2440,2002705
COL,DOM,Directed,650,1997027
CHE,NOR,Directed,3667,1980822
AUT,FIN,Directed,975,1976880
SCG,ROU,Directed,2886,3329000
FIN,MAR,Directed,1033,1968953
USA,PRT,Directed,2705,3293079
BRA,MYS,Directed,2047,3013627
JPN,SWE,Directed,3493,3357288
SCG,RUS,Directed,3093,1949182
HUN,ROU,Directed,2861,3488826
IDN,VNM,Directed,1715,1933548
RUS,SWE,Directed,3534,1932000
CHN,ITA,Directed,550,1928396
ARG,BOL,Directed,166,1926463
TUR,JOR,Directed,3924,1922525
CHN,MEX,Directed,2151,1915239
COL,BOL,Directed,632,3565059
DEU,LKA,Directed,3385,3631998
IRL,BEL,Directed,1721,1897767
SGP,ISR,Directed,3153,1897226
QAT,LKA,Directed,3399,1887625
TUR,DZA,Directed,3871,3709064
MYS,LKA,Directed,3391,3652381
ITA,MYS,Directed,2079,1879255
NOR,SGP,Directed,3183,1865579
IRL,POL,Directed,1772,1863347
SGP,SAU,Directed,3018,3602389
BEL,BRA,Directed,204,1838423
ESP,USA,Directed,3368,3112064
NLD,GHA,Directed,2313,1819574
USA,RUS,Directed,4162,1813617
ESP,CHL,Directed,479,3467022
KOR,CHE,Directed,3681,2631024
VEN,CHL,Directed,490,1806441
SAU,SLE,Directed,3016,1795562
CAN,COL,Directed,347,2894610
MEX,PER,Directed,2593,3030066
SAU,AUT,Directed,2932,1762437
BRA,DOM,Directed,226,1750494
HUN,NOR,Directed,1455,1750210
DEU,ETH,Directed,1153,1746124
NLD,TTO,Directed,2420,3167220
CAN,GTM,Directed,372,1725558
HRV,POL,Directed,758,1725000
MYS,ARE,Directed,3994,3342545
SWE,CHN,Directed,3434,2959741
JPN,TUR,Directed,3923,3156582
AUT,ROU,Directed,2837,1698853
NLD,CHL,Directed,469,3253727
IND,IDN,Directed,1659,2656077
ARE,IND,Directed,1616,1680100
AUS,HUN,Directed,1399,1692585
GBR,KEN,Directed,2009,1672277
DEU,ISL,Directed,1502,2956366
BRA,JOR,Directed,252,1657000
CAN,ARE,Directed,3980,2093741
THA,JPN,Directed,1954,2668176
JPN,DNK,Directed,880,3206804
HUN,AUS,Directed,1398,2407511
ESP,CMR,Directed,3245,1631507
MEX,HND,Directed,2171,1627882
USA,POL,Directed,4155,1626795
ROU,CHE,Directed,2891,1618000
BEL,SCG,Directed,3052,1609335
BRA,EGY,Directed,229,1607525
NOR,CAN,Directed,404,1602513
SWE,ISL,Directed,1513,2044479
NOR,GRC,Directed,1356,1590719
SGP,PNG,Directed,3186,1585395
USA,GHA,Directed,4087,1578747
FIN,LBN,Directed,1026,1576619
LBY,HRV,Directed,750,1575000
CAN,MEX,Directed,2146,2067215
CHE,HUN,Directed,1483,1969349
MEX,ESP,Directed,3315,2419330
JPN,GRC,Directed,1345,2955857
NLD,SVN,Directed,2405,1553591
CSK,ESP,Directed,3259,1551999
NLD,SEN,Directed,2399,1551117
BRA,PHL,Directed,276,1547398
VEN,MEX,Directed,2214,1527562
BEL,HRV,Directed,722,1527125
CHE,JPN,Directed,1951,2127443
NLD,CYP,Directed,810,2615945
AUT,IND,Directed,1525,1493728
CHL,BOL,Directed,171,2667196
NOR,THA,Directed,3785,1480069
MEX,PAN,Directed,2188,1479063
CAN,FIN,Directed,983,2899913
POL,SGP,Directed,3190,1478250
CHE,SAU,Directed,3027,1763517
TUR,ROU,Directed,3947,2916784
IND,SGP,Directed,1600,2432681
AUT,USA,Directed,4027,1476693
NZL,FJI,Directed,2460,1473222
GBR,CYP,Directed,824,1470985
USA,AUT,Directed,4026,1468266
NLD,ZWE,Directed,2442,1460970
SWE,SCG,Directed,3097,1540356
SGP,DEU,Directed,1260,2029452
MEX,BEL,Directed,2138,1448085
ISR,CYP,Directed,803,1440146
DEU,KWT,Directed,1193,1434679
SWE,AUS,Directed,112,2691757
CHN,BGD,Directed,133,2044691
SAU,VNM,Directed,3043,1418000
ESP,MLT,Directed,3311,1417311
GBR,COL,Directed,708,1417094
CSK,HRV,Directed,730,1416000
CHE,DZA,Directed,26,1438027
MEX,CUB,Directed,2157,1399603
HUN,SWE,Directed,1480,2687517
NOR,TUR,Directed,3940,1392672
THA,USA,Directed,3813,2593912
RUS,ROU,Directed,2884,1383000
MYS,JPN,Directed,2080,2680995
ARE,OMN,Directed,2548,1379015
IND,SAU,Directed,2973,2281315
BRA,KWT,Directed,254,1360000
FRA,COL,Directed,658,1357190
UKR,ROU,Directed,2897,1357000
HUN,PRT,Directed,1462,2665451
PRT,CYP,Directed,2632,2702552
POL,DNK,Directed,901,1348085
CHE,BRA,Directed,293,1666584
DNK,NLD,Directed,2291,2653152
HRV,BEL,Directed,721,1338000
NOR,USA,Directed,4145,1336548
QAT,AUS,Directed,97,1336500
USA,YEM,Directed,4203,1316987
KOR,FIN,Directed,1048,2605893
USA,BHR,Directed,4029,1299639
KOR,PRT,Directed,2679,2594030
CAN,FRA,Directed,364,1292539
FIN,NGA,Directed,1038,1288042
KOR,IRL,Directed,2762,2202757
NOR,IDN,Directed,1680,1280987
RUS,IND,Directed,1594,1277901
PRT,ARE,Directed,2701,2242323
AUT,SAU,Directed,2933,1269387
MEX,IRL,Directed,2174,2228790
DNK,BEL,Directed,833,1253573
GBR,BGD,Directed,158,1246220
NLD,KOR,Directed,2785,2308436
BEL,CAN,Directed,337,1243105
SWE,POL,Directed,3526,1241080
DEU,ZMB,Directed,1300,1240118
FIN,USA,Directed,4077,2029137
CHN,IND,Directed,1539,1780673
JPN,UKR,Directed,1958,1225830
ISR,CHE,Directed,3641,1225650
PRT,CHN,Directed,585,1226937
ESP,SGP,Directed,3348,2221996
DEU,GTM,Directed,1164,1222568
MEX,ARE,Directed,2206,1259023
CAN,PER,Directed,408,2264141
FRA,CYP,Directed,795,1214031
PRT,IND,Directed,2652,2100581
GBR,LKA,Directed,3410,1205566
ESP,GHA,Directed,3281,1205000
FIN,CHE,Directed,3620,2023592
NLD,KWT,Directed,2345,1203670
ESP,COD,Directed,3262,1202062
POL,MYS,Directed,2101,1198093
CHE,AUS,Directed,114,1654053
IND,ARE,Directed,1615,2375798
CHL,ARG,Directed,445,1192889
ESP,ARE,Directed,3363,1996387
ESP,SYR,Directed,3356,1179112
GBR,OMN,Directed,2549,1174023
HUN,MYS,Directed,2071,2162676
AUS,PNG,Directed,91,1173132
CHL,NLD,Directed,2275,1173000
ARE,MYS,Directed,2124,1172073
SGP,GHA,Directed,3143,1170500
USA,SDN,Directed,4078,1169460
FIN,CYP,Directed,991,2259294
SAU,UGA,Directed,3035,1166187
CAN,NIC,Directed,401,1155000
KOR,ROU,Directed,2803,2202500
IND,USA,Directed,4101,2211037
CHN,SAU,Directed,2948,1154815
COL,THA,Directed,704,2275000
ESP,CAN,Directed,3246,2210603
SWE,CSK,Directed,3444,1134839
COL,GTM,Directed,664,1132555
FIN,CSK,Directed,992,1124977
GRC,SAU,Directed,2969,2010201
NZL,IDN,Directed,2470,1858082
TUR,LBN,Directed,3930,1112506
CAN,JAM,Directed,1803,1538195
HRV,GBR,Directed,780,1109000
SGP,FIN,Directed,1056,1117421
FIN,IRN,Directed,1012,1106553
SGP,OMN,Directed,3184,1682933
CHE,KOR,Directed,2821,1615969
PRT,KEN,Directed,2660,1826471
SAU,IRL,Directed,2978,1101312
HRV,BGD,Directed,719,1095000
SGP,NGA,Directed,3181,1093874
CAN,QAT,Directed,412,1088437
JPN,IRL,Directed,1884,2106745
SGP,BRN,Directed,3118,1738440
FIN,AUS,Directed,53,1887533
IND,CHN,Directed,542,1199448
POL,CHE,Directed,3676,1077412
NLD,MLT,Directed,2358,1075952
IDN,TUR,Directed,1706,1937296
TUR,CHE,Directed,3962,1067500
JPN,AUT,Directed,1832,1060959
USA,ZWE,Directed,4205,1059133
BEL,KEN,Directed,1975,1057128
BRA,MEX,Directed,261,1941553
CAN,CRI,Directed,348,1054269
USA,LCA,Directed,2925,1611014
KOR,VEN,Directed,2832,1044523
SWE,NZL,Directed,2503,1178199
MEX,CIV,Directed,2156,1036750
GEO,TUR,Directed,3906,1035578
FIN,GHA,Directed,1003,1031072
DEU,TZA,Directed,1289,1030899
SAU,TZA,Directed,3040,1029000
COL,MEX,Directed,680,1997226
JPN,MMR,Directed,2223,1115830
TUR,ARE,Directed,4012,1677240
CHE,CAN,Directed,427,1609042
USA,JOR,Directed,4114,1018367
CAN,AUT,Directed,331,1018000
BRA,JPN,Directed,1842,2027407
SAU,MNG,Directed,2996,1010187
PRT,LBN,Directed,2661,1010000
USA,TGO,Directed,4189,1006773
CHN,CAN,Directed,346,1780589
ITA,MEX,Directed,2179,1002667
HRV,IRN,Directed,743,1001000
AUS,KOR,Directed,98,1891877
SCG,PRT,Directed,2687,2000000
ROU,RUS,Directed,2883,999595
DEU,BOL,Directed,1103,1887608
JOR,SAU,Directed,2985,997162
JPN,PRK,Directed,1856,996302
FRA,ECU,Directed,948,994084
COL,JAM,Directed,1805,1794764
ARG,SGP,Directed,3106,991780
IDN,AUS,Directed,1626,1564946
AUS,NLD,Directed,82,991431
USA,DMA,Directed,4066,976990
ESP,ECU,Directed,3267,1387860
PRT,DNK,Directed,903,1021268
USA,GRC,Directed,1385,1713961
CHE,MYS,Directed,2120,1506112
NLD,MEX,Directed,2363,1826358
ARE,CHN,Directed,610,960812
POL,THA,Directed,3791,954500
BEL,MEX,Directed,2139,947825
HRV,SCG,Directed,767,944437
DEU,GHA,Directed,1160,941985
AUT,PRT,Directed,2615,936797
ROU,BIH,Directed,2840,933000
FRA,OMN,Directed,2524,927975
NOR,CHE,Directed,3668,926976
CAN,GRC,Directed,1317,1700761
KOR,ARG,Directed,2710,924921
MEX,MAR,Directed,2183,924625
CHE,CHN,Directed,602,1547651
UKR,DEU,Directed,1284,922875
RUS,HRV,Directed,764,921000
PRT,GHA,Directed,2645,910500
PRK,TUR,Directed,3898,910061
GBR,MEX,Directed,2208,907690
ARG,DEU,Directed,1086,905476
JPN,NGA,Directed,1913,900295
HRV,JOR,Directed,748,900000
ARG,NLD,Directed,2243,899374
BGR,DEU,Directed,1110,894521
POL,ROU,Directed,2879,893000
SGP,FJI,Directed,3134,891075
ESP,JOR,Directed,3303,890530
PRT,PAK,Directed,2677,890476
GRC,SCG,Directed,1370,1470775
HRV,RUS,Directed,763,888000
MYS,OMN,Directed,2096,1292487
FRA,NZL,Directed,2464,879936
MAR,DZA,Directed,15,876562
JPN,POL,Directed,1925,875660
ITA,CHL,Directed,464,873241
JPN,EGY,Directed,1863,870287
BRA,SEN,Directed,284,870000
IND,MYS,Directed,1572,1518070
DEU,SEN,Directed,1254,864893
THA,LKA,Directed,3408,1724378
GRC,LBN,Directed,1347,861729
ESP,AND,Directed,3228,859108
KOR,ISR,Directed,2764,849999
TUN,LBY,Directed,3854,846509
BRA,CAN,Directed,212,1125943
NZL,SGP,Directed,3180,1343030
KOR,MEX,Directed,2780,1420125
SAU,NOR,Directed,3004,841500
JPN,CSK,Directed,1855,840239
IRL,FRA,Directed,1738,838713
FIN,SGP,Directed,3136,1358736
SWE,SAU,Directed,3025,1375985
THA,KEN,Directed,3769,827500
KEN,TZA,Directed,2010,823730
HRV,DNK,Directed,731,1596099
DNK,FRA,Directed,857,819484
CHE,SCG,Directed,3098,1199172
FIN,NZL,Directed,2462,1550747
GRC,IND,Directed,1555,814000
NLD,GAB,Directed,2309,809733
CHE,PRT,Directed,2696,1482971
HUN,TUN,Directed,3849,1357752
CHE,IRL,Directed,1790,1398591
JPN,BHR,Directed,1834,801280
CAN,YEM,Directed,441,800000
NLD,ETH,Directed,2304,795381
COL,PAN,Directed,689,792898
SCG,HUN,Directed,1472,1095717
ROU,CHN,Directed,2843,792000
NLD,LBY,Directed,2350,790095
MYS,MMR,Directed,2224,1269035
CHE,IDN,Directed,1702,1569436
NZL,THA,Directed,3782,1286932
ESP,YEM,Directed,3373,784410
SAU,DNK,Directed,909,1179802
BRA,THA,Directed,3732,1338875
AUT,CYP,Directed,785,780452
BIH,HRV,Directed,724,779488
ESP,CUB,Directed,3256,778975
USA,PYF,Directed,4081,778278
FIN,PAK,Directed,1041,777512
SGP,USA,Directed,3223,1278215
CHE,ROU,Directed,2892,788324
SAU,MRT,Directed,2995,759312
ESP,MEX,Directed,2198,1504980
GBR,JAM,Directed,1822,757208
FRA,HRV,Directed,734,756413
CHN,GBR,Directed,611,755875
IND,BGD,Directed,138,1382020
ARE,LKA,Directed,3409,750975
CHE,LBY,Directed,3651,750226
MYS,NLD,Directed,2089,1457032
IRL,NLD,Directed,2335,1488014
SGP,PRK,Directed,3129,741718
CHN,LKA,Directed,3380,977918
BRA,BHR,Directed,202,735000
ESP,FIN,Directed,1059,1440447
USA,GUY,Directed,4093,1094202
KOR,LBY,Directed,2774,728174
PRT,YEM,Directed,2708,724500
DEU,BHR,Directed,1094,720571
LVA,DEU,Directed,1196,720288
MEX,IDN,Directed,1671,718500
BLR,DEU,Directed,1099,717100
CHN,TUR,Directed,3891,1197992
KOR,NPL,Directed,2783,712937
AUS,LKA,Directed,3375,1287902
MAR,IDN,Directed,1672,710000
NLD,TZA,Directed,2433,704294
JPN,NOR,Directed,1914,703171
ESP,BRA,Directed,288,1160688
DNK,TUR,Directed,3899,729169
MYS,PAK,Directed,2097,700846
NLD,SLV,Directed,2297,700192
PRT,AUT,Directed,2614,699437
ROU,PRT,Directed,2680,699062
ESP,MYS,Directed,2115,1298637
SCG,IRN,Directed,3075,691312
CAN,TZA,Directed,435,690000
ESP,TGO,Directed,3359,690000
ARE,KEN,Directed,2007,707812
DEU,URY,Directed,1290,688241
USA,DZA,Directed,4018,1352133
PHL,SGP,Directed,3189,683872
USA,QAT,Directed,4158,680948
POL,ESP,Directed,3335,680839
DEU,SLV,Directed,1147,680584
BRA,NZL,Directed,2451,1342649
ROU,SYR,Directed,2893,676000
JPN,VEN,Directed,1968,672940
ISR,NLD,Directed,2337,672553
NOR,SAU,Directed,3005,671093
DNK,CHE,Directed,3613,1321325
RUS,THA,Directed,3797,666980
USA,SUR,Directed,4181,666431
DNK,CHN,Directed,523,669414
IRL,DNK,Directed,1731,1151547
COL,NGA,Directed,686,662000
USA,VCT,Directed,4167,659238
MYS,SAU,Directed,2109,1059195
DNK,SAU,Directed,2955,826390
USA,LBN,Directed,4120,654710
USA,OMN,Directed,2550,1281206
NLD,HTI,Directed,2323,652350
FIN,MNG,Directed,1032,651741
SAU,MLT,Directed,2994,651687
HUN,COL,Directed,1414,1245311
SWE,PAK,Directed,3522,646640
NOR,CYP,Directed,811,645787
POL,SWE,Directed,3527,645000
THA,MMR,Directed,3778,1272593
SAU,SDN,Directed,2963,643500
AUT,TUN,Directed,3838,642567
JPN,ARG,Directed,1828,642239
JPN,NPL,Directed,1907,640427
SAU,CAN,Directed,2945,638625
MYS,AUS,Directed,2038,935656
QAT,OMN,Directed,2538,638011
LBY,PRT,Directed,2662,637875
USA,COD,Directed,4063,631608
CHE,SGP,Directed,3213,1120928
MEX,NZL,Directed,2482,630875
FRA,PER,Directed,2585,630331
PRT,ZWE,Directed,2709,630000
BRA,KOR,Directed,279,1246533
GBR,ISL,Directed,1516,624670
SWE,IRL,Directed,1788,881071
DEU,DOM,Directed,1143,622943
SCG,IDN,Directed,1696,617601
ESP,THA,Directed,3357,1220784
BRA,MAR,Directed,263,611000
AUS,ITA,Directed,70,610875
MYS,NGA,Directed,2093,608875
POL,SCG,Directed,3087,607000
USA,BHS,Directed,4028,605516
BEL,ISL,Directed,1493,603277
ROU,ARE,Directed,4004,1103000
ESP,LBY,Directed,3307,600187
DEU,OMN,Directed,1227,1130643
ECU,COL,Directed,942,608709
THA,ARE,Directed,3809,605601
CAN,ECU,Directed,359,953238
QAT,NZL,Directed,2492,594000
GBR,ROU,Directed,2900,593796
NLD,ROU,Directed,2877,757806
PAN,MEX,Directed,2189,591240
IRN,CHN,Directed,546,591125
KOR,NER,Directed,2789,585000
PRT,CIV,Directed,2631,582500
CHE,IRN,Directed,3637,579969
GBR,TTO,Directed,3834,579933
FRA,ROU,Directed,2854,577742
HRV,GHA,Directed,737,575000
QAT,JPN,Directed,1929,570000
THA,NLD,Directed,3779,851313
VEN,USA,Directed,4202,567221
BRA,GTM,Directed,238,566884
CAN,ESP,Directed,3247,583800
USA,FJI,Directed,4075,564522
DEU,CMR,Directed,1113,564293
COL,BEL,Directed,630,564000
SWE,ISR,Directed,3487,561257
DEU,ZWE,Directed,1301,559270
POL,ARE,Directed,4001,558687
DEU,SUR,Directed,1267,557983
PHL,USA,Directed,4154,555679
ITA,ARE,Directed,3991,554122
FRA,CHL,Directed,459,550662
MUS,DEU,Directed,1210,546500
USA,HUN,Directed,1492,694977
SWE,HRV,Directed,774,547500
ROU,PAK,Directed,2878,540000
USA,TZA,Directed,4199,537716
KOR,AUT,Directed,2715,536077
THA,ITA,Directed,3765,533574
JPN,CHL,Directed,1846,1015701
KEN,UGA,Directed,2006,533110
JPN,NCL,Directed,1910,531700
GRC,IRN,Directed,1339,531386
DEU,LTU,Directed,1200,531258
FIN,KEN,Directed,1023,1021507
SGP,GBR,Directed,3221,530236
AZE,TUR,Directed,3878,529750
NLD,SDN,Directed,2305,527276
AUT,THA,Directed,3727,527262
BRA,TTO,Directed,3818,1040025
BRA,CUB,Directed,222,525062
SWE,BRA,Directed,3426,1036981
ISR,KEN,Directed,1990,520000
VEN,CHN,Directed,617,517520
MEX,ISR,Directed,2176,516875
DNK,ITA,Directed,877,516835
FIN,CUB,Directed,990,516565
PRT,NZL,Directed,2672,795216
CAN,CHE,Directed,426,1017268
IND,KOR,Directed,2759,813335
MYS,USA,Directed,2127,858191
THA,BEL,Directed,3730,510000
NLD,BDI,Directed,2266,509427
BEL,MDG,Directed,2014,509390
RUS,KOR,Directed,2806,507562
NOR,MYS,Directed,2095,507335
NZL,MYS,Directed,2092,932093
CHE,ISR,Directed,3640,507197
RUS,PRT,Directed,2682,507000
LBY,TUR,Directed,3932,504250
COL,SEN,Directed,697,504000
GBR,TUN,Directed,3868,503298
AUS,FJI,Directed,52,502898
ITA,KEN,Directed,1991,502745
AUT,IRL,Directed,1719,502451
SWE,COL,Directed,702,697025
BEL,COL,Directed,631,501284
ROU,IDN,Directed,1692,500000
SCG,CYP,Directed,3056,500000
USA,NPL,Directed,4135,499937
CHE,GRC,Directed,3627,995447
TUR,BGR,Directed,3886,498728
GRC,CHN,Directed,536,497875
POL,HUN,Directed,1461,495750
IND,LKA,Directed,3386,955219
GBR,SCG,Directed,3102,490815
MOZ,SGP,Directed,3173,488000
ITA,LKA,Directed,3389,486395
USA,PNG,Directed,4150,485358
NOR,AUS,Directed,88,484486
VEN,TTO,Directed,3836,480080
CHE,THA,Directed,3808,878985
SAU,ETH,Directed,2962,476625
COL,CRI,Directed,642,473157
ESP,NOR,Directed,3323,472390
SAU,PRK,Directed,2952,469175
PER,BOL,Directed,2572,911306
PRT,AGO,Directed,2610,468233
GBR,DZA,Directed,31,467479
VEN,ECU,Directed,969,467326
NLD,ZMB,Directed,2441,466882
KOR,SCG,Directed,2810,676250
FIN,PHL,Directed,1042,461813
NLD,OMN,Directed,2535,703198
JPN,PRT,Directed,2659,882827
ARG,CAN,Directed,328,456250
DNK,ESP,Directed,3264,817320
ISR,COL,Directed,670,454136
NLD,VEN,Directed,2438,453570
USA,TCA,Directed,4193,450948
USA,SCG,Directed,3104,556707
DEU,COD,Directed,1138,448574
KOR,SYR,Directed,2822,446812
NLD,BGR,Directed,2263,446309
PRT,SGP,Directed,2689,742812
NGA,USA,Directed,4143,441812
KOR,COL,Directed,2730,803500
FRA,LKA,Directed,3384,438733
USA,SYR,Directed,4186,435297
HRV,CHE,Directed,775,732125
SWE,HUN,Directed,1481,807771
BEL,PER,Directed,2571,432883
AUS,SAU,Directed,2931,429537
JPN,KWT,Directed,1892,425485
IRL,ITA,Directed,1752,424754
PRK,IDN,Directed,1645,424749
ARE,MMR,Directed,2233,423875
COL,CHN,Directed,639,420178
SGP,SWE,Directed,3542,519000
HUN,IRL,Directed,1437,661274
IRL,CHE,Directed,1789,792743
CHN,PRK,Directed,518,416385
CHN,BRN,Directed,509,647167
CSK,PRT,Directed,2633,411875
ROU,SDN,Directed,2852,410000
RUS,NLD,Directed,2394,409251
COL,CIV,Directed,643,407199
FIN,AUT,Directed,974,406730
DOM,USA,Directed,4069,402927
USA,CMR,Directed,4042,402767
CAN,GHA,Directed,369,400500
DNK,AUT,Directed,829,400191
SWE,EGY,Directed,3453,397322
SWE,CHL,Directed,480,700449
SAU,BRA,Directed,2940,429000
NOR,KOR,Directed,2792,395128
CSK,ROU,Directed,2847,394000
NLD,JAM,Directed,1813,756711
THA,LAO,Directed,3771,390697
NZL,CHN,Directed,2455,464199
THA,PHL,Directed,3789,384692
SCG,FRA,Directed,3063,384000
ESP,MRT,Directed,3312,382778
NOR,PRT,Directed,2675,381920
JPN,FJI,Directed,1865,380150
BRA,AIA,Directed,195,379186
ESP,KOR,Directed,3338,751525
IND,ITA,Directed,1564,378062
CHN,CHE,Directed,3601,377853
NLD,SUR,Directed,2410,377094
IDN,PAK,Directed,1681,376859
PRT,IDN,Directed,1687,375625
DEU,MDG,Directed,2020,709838
IDN,BGD,Directed,1630,709933
DNK,USA,Directed,929,546474
DEU,LVA,Directed,1195,373459
IRL,ESP,Directed,3296,671597
NLD,MOZ,Directed,2366,369884
MYS,GBR,Directed,2125,369356
USA,GAB,Directed,4083,369089
ESP,TZA,Directed,3366,366101
HRV,ROU,Directed,761,669000
MYS,BGD,Directed,144,685272
IND,GBR,Directed,1617,361196
ROU,AUT,Directed,2836,361000
JPN,MAR,Directed,1904,358511
DNK,ISL,Directed,1498,708213
CAN,COD,Directed,354,356500
HRV,CSK,Directed,729,355000
HRV,HUN,Directed,739,352000
DEU,PAN,Directed,1230,350614
COL,SGP,Directed,3128,595000
PRT,BHR,Directed,2616,346500
CHE,EGY,Directed,3616,345252
SGP,NOR,Directed,3182,345187
CHL,COL,Directed,638,639686
QAT,IDN,Directed,1689,342000
PRT,AUS,Directed,2612,593564
BLR,SCG,Directed,3050,342000
SGP,YEM,Directed,3226,340699
SWE,ARG,Directed,3413,340282
ITA,PER,Directed,2589,340078
KOR,DNK,Directed,2733,634029
IRN,ARE,Directed,3989,339234
SGP,PRT,Directed,3191,632283
FIN,SAU,Directed,1051,560488
RUS,GRC,Directed,1367,336687
MYS,NZL,Directed,2091,632109
SWE,TUN,Directed,3865,427330
FIN,GAB,Directed,1000,334129
KOR,BRA,Directed,2721,629713
IRL,SWE,Directed,3486,661062
USA,HTI,Directed,4094,329428
NLD,GUY,Directed,2322,591652
BRA,CYP,Directed,788,629750
SWE,MEX,Directed,3506,641757
ISR,JPN,Directed,1887,327571
NLD,GTM,Directed,2319,327153
CHN,ESP,Directed,3251,531163
FIN,SYR,Directed,1064,326504
NLD,COL,Directed,683,616662
ECU,PER,Directed,2583,490533
LBR,COL,Directed,678,324875
AUT,MYS,Directed,2040,324048
KOR,TZA,Directed,2829,324000
ROU,MDA,Directed,2881,324000
DNK,GRC,Directed,1327,626771
ROU,JPN,Directed,1933,594187
HRV,CIV,Directed,728,322000
HRV,SGP,Directed,769,320000
FRA,BGD,Directed,135,318361
BRA,ISR,Directed,245,317589
FIN,ISL,Directed,1499,565813
MYS,DEU,Directed,2069,368464
DEU,MUS,Directed,1209,309007
THA,CHE,Directed,3807,309449
NLD,PRY,Directed,2380,498596
MEX,SGP,Directed,2195,303397
ESP,GTM,Directed,3285,302097
CHL,JPN,Directed,465,602000
MEX,BOL,Directed,2141,359263
ARE,IDN,Directed,1709,300000
BDI,SAU,Directed,2943,300000
FIN,ARG,Directed,970,299570
PRT,THA,Directed,3792,297187
NIC,CHN,Directed,573,297000
CHE,PAK,Directed,3670,296758
ITA,COL,Directed,672,295557
JPN,JOR,Directed,1890,295532
NLD,MDG,Directed,2353,547388
DEU,MWI,Directed,1203,291124
GBR,ECU,Directed,966,290698
IND,THA,Directed,3758,440030
CAN,URY,Directed,436,288000
JPN,KEN,Directed,1992,484993
ARE,BGD,Directed,157,286177
ISR,THA,Directed,3764,286042
BLR,TUR,Directed,3881,282500
IRL,CAN,Directed,380,496584
GRL,CHN,Directed,537,281750
NLD,BRB,Directed,2253,280311
CHN,NZL,Directed,2456,301119
SGP,FRA,Directed,3138,279642
CAN,SLV,Directed,361,279250
CAN,ZMB,Directed,442,278500
ISR,SGP,Directed,3154,276916
FIN,ARE,Directed,3984,400484
PER,ECU,Directed,959,293044
CHN,MMR,Directed,566,366500
CHE,MMR,Directed,2231,275000
HUN,KOR,Directed,2756,350000
ROU,SVN,Directed,2888,272000
BRA,SWE,Directed,290,541597
JPN,PER,Directed,2591,473920
ESP,HUN,Directed,1478,362372
KOR,HUN,Directed,1465,460000
ESP,PER,Directed,2601,500131
TUR,ESP,Directed,3958,489129
USA,ISL,Directed,1518,526430
CHN,PHL,Directed,581,266000
CHL,ECU,Directed,941,364399
LVA,NLD,Directed,2347,265500
TUR,SAU,Directed,3952,470306
IND,TUR,Directed,3914,300792
NOR,JPN,Directed,1915,263186
NLD,MLI,Directed,2357,263112
LKA,CHN,Directed,600,262500
CSK,MYS,Directed,2060,262000
USA,ATG,Directed,4020,261924
BRA,CMR,Directed,211,260000
NLD,COG,Directed,2280,259491
FIN,TKM,Directed,1068,258461
FIN,IND,Directed,1548,438296
JPN,AFG,Directed,1826,256000
TUR,TUN,Directed,3867,443405
COL,IDN,Directed,667,432000
PHL,CHN,Directed,582,254814
IDN,KEN,Directed,1665,508804
IND,VNM,Directed,1622,254000
NLD,TGO,Directed,2419,252906
DEU,CUB,Directed,1131,251215
DEU,QAT,Directed,1242,251205
ESP,VEN,Directed,3370,250726
BRA,AGO,Directed,194,250061
HRV,MYS,Directed,751,250000
ITA,NZL,Directed,2476,248989
USA,BLZ,Directed,165,373455
CHN,AUS,Directed,499,357255
FIN,LBY,Directed,1027,248171
ECU,IDN,Directed,1648,247800
PRT,MYS,Directed,2663,399574
SGP,SDN,Directed,3137,247019
IND,EGY,Directed,1547,246000
MEX,SWE,Directed,2200,245975
BEL,LKA,Directed,3377,243296
ISR,ROU,Directed,2866,241764
TUR,MAR,Directed,3935,240750
IDN,JPN,Directed,1663,272600
CAN,ZWE,Directed,443,234500
PRK,MYS,Directed,2061,234355
DEU,PNG,Directed,1232,234272
CHE,CSK,Directed,3609,233716
CHE,MAR,Directed,3660,233140
CAN,CIV,Directed,349,231000
HRV,IDN,Directed,742,231000
JPN,CYP,Directed,805,458996
CHL,CRI,Directed,456,228460
CHE,COL,Directed,703,414692
ECU,TUR,Directed,3900,227101
PRT,IRL,Directed,2653,448580
ITA,ECU,Directed,952,225296
ISR,KOR,Directed,2765,225147
JPN,MUS,Directed,1901,223600
DNK,BRA,Directed,225,325705
UKR,NLD,Directed,2428,222730
BRA,BFA,Directed,209,221000
BRA,SUR,Directed,289,220171
AUT,DZA,Directed,1,220098
IDN,DEU,Directed,1176,285107
SGP,BHR,Directed,3111,219687
FIN,KOR,Directed,2742,274795
USA,MOZ,Directed,4134,218834
FIN,SEN,Directed,1053,218783
SGP,ITA,Directed,3155,218346
ROU,USA,Directed,2901,218000
ITA,OMN,Directed,2529,217417
SWE,SYR,Directed,3549,216606
KOR,ISL,Directed,2757,397474
USA,CYP,Directed,825,371558
VNM,CHN,Directed,619,215625
JPN,HUN,Directed,1444,327187
CHE,ARG,Directed,3573,214665
MYS,VNM,Directed,2129,214514
CAN,CMR,Directed,343,214500
CHE,KEN,Directed,2005,249372
KAZ,CHN,Directed,556,210000
CHE,NZL,Directed,2505,387899
BRA,CHE,Directed,3590,254800
THA,NZL,Directed,2507,417678
HUN,ECU,Directed,1421,208601
NLD,LVA,Directed,2346,208078
BRA,MUS,Directed,260,206820
CHN,SWE,Directed,3435,205449
CAN,GAB,Directed,366,204800
NLD,RWA,Directed,2395,204428
VEN,BRA,Directed,308,203545
FRA,PRY,Directed,2556,202972
NLD,COD,Directed,2289,202771
CHE,POL,Directed,3675,202351
ESP,ZWE,Directed,3374,202198
CAN,NOR,Directed,403,202026
DEU,BEN,Directed,1102,201641
SYR,CHN,Directed,603,201500
POL,GRC,Directed,1359,201250
COL,HND,Directed,665,201038
PRT,SAU,Directed,3011,398699
SCG,ISR,Directed,3077,200000
DEU,JAM,Directed,1808,311906
FIN,CAN,Directed,363,277095
CAN,PAN,Directed,406,195437
ARE,TUR,Directed,3969,195000
THA,GBR,Directed,3811,194398
ESP,OMN,Directed,2544,276937
CHE,IND,Directed,1606,301533
ESP,JPN,Directed,1946,362383
HRV,PHL,Directed,757,192000
HRV,ARE,Directed,779,192000
AUS,JPN,Directed,1831,364591
PRT,BRA,Directed,278,368457
NLD,URY,Directed,2434,190493
SGP,RUS,Directed,3199,188398
SWE,CYP,Directed,819,366460
DEU,PRY,Directed,2557,326429
BRA,MWI,Directed,257,187000
CAN,BRB,Directed,335,187000
AUS,PYF,Directed,56,185696
COL,SLV,Directed,654,184982
ROU,CYP,Directed,814,272261
ROU,BGD,Directed,149,183000
VCT,LCA,Directed,2919,182971
CAN,CYP,Directed,791,317250
PRT,SEN,Directed,2686,181500
IND,NPL,Directed,1576,180714
CHL,VEN,Directed,489,180081
LBY,DZA,Directed,13,180000
GRC,DEU,Directed,1163,320470
ESP,SCG,Directed,3095,252720
SCG,MYS,Directed,2111,177101
KAZ,TUR,Directed,3926,176300
ISR,HUN,Directed,1440,176296
SAU,SOM,Directed,3019,175125
ESP,AUS,Directed,109,333661
SWE,MAR,Directed,3508,174620
GBR,PER,Directed,2604,172315
IDN,BEL,Directed,1631,171757
SAU,CMR,Directed,2944,171500
SAU,PYF,Directed,2966,171500
DNK,PRT,Directed,2635,287535
USA,ZMB,Directed,4204,169827
CRI,ECU,Directed,945,169312
CHE,ARE,Directed,4010,302639
ROU,ISR,Directed,2865,168000
SCG,SWE,Directed,3540,325500
USA,MLT,Directed,4127,166367
GRC,BGR,Directed,1314,166114
RUS,IDN,Directed,1693,165960
NLD,BHR,Directed,2251,165576
NLD,DOM,Directed,2293,165479
PRT,MRT,Directed,2665,165000
IDN,SAU,Directed,1694,208284
MYS,PNG,Directed,2098,164296
DEU,RWA,Directed,1250,164216
ITA,MDG,Directed,2022,162185
SCG,CHE,Directed,3690,162000
ESP,URY,Directed,3367,161318
IND,DEU,Directed,1553,301643
NZL,PNG,Directed,2487,161095
ISR,IRL,Directed,1751,161045
JPN,PNG,Directed,1921,161000
POL,MDG,Directed,2028,160101
SCG,SGP,Directed,3203,160000
ARG,TUR,Directed,3872,160000
CRI,JAM,Directed,1806,159569
AUT,ARE,Directed,3975,158862
NLD,MUS,Directed,2362,158335
TUR,PAK,Directed,3941,157507
MEX,IRN,Directed,2173,157500
CHN,FRA,Directed,530,157250
NOR,KEN,Directed,1996,157000
ESP,LKA,Directed,3351,201000
NZL,WSM,Directed,2495,154880
SGP,MDV,Directed,3167,154408
ESP,POL,Directed,3334,154269
URY,PRY,Directed,2566,153966
IND,JOR,Directed,1568,153828
NLD,BFA,Directed,2265,153671
JPN,BLR,Directed,1836,153600
PAN,COL,Directed,690,153577
IND,RUS,Directed,1593,152988
ISR,FIN,Directed,1016,152550
CAN,BHR,Directed,334,152500
CHN,DNK,Directed,840,210201
DEU,GAB,Directed,1158,149662
AUS,FRA,Directed,54,149602
NLD,GRD,Directed,2318,149436
CHE,SVN,Directed,3694,149342
ROU,IRL,Directed,2864,251140
IDN,LKA,Directed,1700,277414
AUS,NCL,Directed,84,148367
CHE,NGA,Directed,3666,147881
JPN,CRI,Directed,1851,147570
THA,ESP,Directed,3802,181568
ALB,SCG,Directed,3047,147000
IRL,FIN,Directed,1014,167497
IDN,MMR,Directed,2222,173379
CHN,IRN,Directed,545,146062
BRA,GHA,Directed,237,146000
FIN,TUN,Directed,1066,290411
POL,AUS,Directed,95,145000
MEX,THA,Directed,3776,145730
DNK,FRO,Directed,853,144162
GRC,JOR,Directed,1346,144000
NLD,QAT,Directed,2388,143811
CHL,BRA,Directed,215,287124
DEU,MDA,Directed,1245,142908
CAN,PRT,Directed,2625,236086
USA,MMR,Directed,2235,142117
MDA,ROU,Directed,2882,142000
EGY,SAU,Directed,2958,141415
KOR,BGR,Directed,2723,141000
BEL,CHL,Directed,449,140854
NLD,BEN,Directed,2256,138998
DNK,COL,Directed,649,139268
DNK,POL,Directed,900,138661
IND,KEN,Directed,1988,181973
SWE,JOR,Directed,3494,137720
SWE,LBN,Directed,3498,137527
DEU,UZB,Directed,1293,137499
CAN,HUN,Directed,1411,137416
SWE,NGA,Directed,3518,137000
IRL,GRC,Directed,1743,211429
CHN,ARE,Directed,3981,203748
DEU,MLI,Directed,1206,135000
MYS,KOR,Directed,2105,214934
BRA,COD,Directed,224,133089
NZL,PHL,Directed,2489,132139
HUN,CMR,Directed,1409,132000
SCG,DNK,Directed,911,131206
KWT,IDN,Directed,1666,131000
PRT,MOZ,Directed,2669,130847
KOR,CHL,Directed,2727,259523
COL,ITA,Directed,671,130398
DEU,HTI,Directed,1167,130275
HUN,MLT,Directed,1449,130000
BEL,OMN,Directed,2519,129931
NLD,PYF,Directed,2308,128576
CHE,GHA,Directed,3626,128041
KOR,MUS,Directed,2779,127800
KOR,MRT,Directed,2778,127500
COL,AUS,Directed,48,227611
HRV,ZMB,Directed,783,126000
CHN,SDN,Directed,528,125800
BRA,FIN,Directed,981,241444
SGP,EGY,Directed,3133,124804
MYS,CHE,Directed,2119,132200
THA,OMN,Directed,2546,229788
AUS,NPL,Directed,81,124597
MEX,PHL,Directed,2191,124362
FIN,TZA,Directed,1073,124164
PRT,CPV,Directed,2623,123861
ARG,MEX,Directed,2133,123572
MEX,CAN,Directed,2145,237114
KEN,ETH,Directed,1982,123135
COL,AUT,Directed,627,123000
DEU,NPL,Directed,1217,122955
NLD,ECU,Directed,2294,232690
MDV,CHN,Directed,562,122375
COL,GBR,Directed,707,122000
SGP,ESP,Directed,3349,132595
THA,DEU,Directed,1275,186950
USA,ROU,Directed,2902,178427
TUR,SCG,Directed,3954,232980
POL,FIN,Directed,1044,119477
LTU,GRC,Directed,1349,119152
BRA,PAN,Directed,271,119057
SGP,SYC,Directed,3204,119018
KEN,GBR,Directed,2008,119000
NLD,UGA,Directed,2426,118839
TUR,IDN,Directed,1707,138449
TUR,KWT,Directed,3928,118339
PHL,MYS,Directed,2100,118329
COL,FRA,Directed,657,118000
CAN,CUB,Directed,350,117943
THA,SAU,Directed,3031,117928
IND,MMR,Directed,2221,116673
PHL,AUS,Directed,94,116519
DEU,EST,Directed,1148,116181
CYP,SCG,Directed,3057,116000
GRC,ROU,Directed,2859,130920
IRL,IDN,Directed,1660,115417
DNK,SCG,Directed,3060,156821
NOR,OMN,Directed,2536,114917
AUS,ARE,Directed,3974,143440
HUN,LBN,Directed,1445,114500
GAB,MMR,Directed,2219,114125
BRA,LBN,Directed,255,114000
NZL,SLB,Directed,2500,113508
IDN,BRA,Directed,1633,113136
SGP,MAR,Directed,3172,113000
DNK,IRL,Directed,873,206194
KOR,BHR,Directed,2717,112179
TTO,LCA,Directed,2922,195906
SWE,KEN,Directed,2004,188831
CHN,GRC,Directed,1320,207983
FIN,SCG,Directed,1054,157142
NLD,CRI,Directed,2281,110658
CSK,DZA,Directed,5,110000
AND,CHN,Directed,494,110000
EGY,ROU,Directed,2851,110000
NZL,BEL,Directed,2449,109781
NLD,GIN,Directed,2320,108007
JPN,QAT,Directed,1928,107940
AUT,COL,Directed,628,107523
MYS,MUS,Directed,2086,107390
NLD,PER,Directed,2594,157919
ISR,SWE,Directed,3488,107252
UKR,FIN,Directed,1069,107159
BEL,ROU,Directed,2839,107055
ROU,GHA,Directed,2857,107000
ARG,MYS,Directed,2037,106000
KEN,RWA,Directed,1999,105917
NLD,PAN,Directed,2378,105887
PRT,HUN,Directed,1463,211272
FRA,TTO,Directed,3822,105589
DEU,VNM,Directed,1296,105534
JPN,OMN,Directed,2530,186181
ROU,AUS,Directed,100,187306
HUN,KHM,Directed,1408,105199
SGP,JOR,Directed,3160,105000
USA,UKR,Directed,4194,104820
SWE,ARE,Directed,3556,205767
NZL,TON,Directed,2508,102816
AUT,KOR,Directed,2716,102726
USA,MDG,Directed,2036,203683
COL,TUR,Directed,706,156125
THA,SWE,Directed,3805,101949
NLD,BOL,Directed,182,172850
IND,ZMB,Directed,1624,100601
DEU,BRB,Directed,1097,100187
IDN,ARE,Directed,1708,100179
SLV,COL,Directed,655,100000
HRV,LBY,Directed,749,100000
KAZ,FIN,Directed,1022,100000
BIH,TUR,Directed,3884,99500
MEX,FIN,Directed,1031,99257
TUN,PRT,Directed,2698,99000
SAU,MMR,Directed,2998,150000
BGD,TUN,Directed,3839,99000
ITA,BGD,Directed,142,98467
HUN,DZA,Directed,1396,178276
IRL,ISR,Directed,1750,97568
CYP,LBN,Directed,807,97107
BRA,PAK,Directed,270,97066
SVN,NLD,Directed,2406,96718
IND,PHL,Directed,1584,96671
SWE,EST,Directed,3456,96299
COL,GRC,Directed,663,168000
HRV,SEN,Directed,766,96000
ISR,LKA,Directed,3388,96000
CAN,BOL,Directed,170,173973
COL,DEU,Directed,1124,108710
SWE,ZWE,Directed,3566,95582
DEU,COG,Directed,1126,95097
CAN,SCG,Directed,3055,155500
ESP,CSK,Directed,3258,94643
DEU,MMR,Directed,2220,119112
CHE,LBN,Directed,3650,94231
IND,IRL,Directed,1561,101562
DEU,MNG,Directed,1213,93375
AUS,GBR,Directed,122,92846
SGP,MDG,Directed,3164,117625
IND,OMN,Directed,2527,148832
SWE,BGD,Directed,153,93527
DEU,SYC,Directed,1257,91187
CAN,PNG,Directed,407,91000
DEU,FJI,Directed,1150,90800
DEU,BDI,Directed,1112,90500
EST,NLD,Directed,2300,90238
IDN,NLD,Directed,1674,106229
IND,DZA,Directed,1519,90000
SCG,CSK,Directed,3058,90000
MEX,NIC,Directed,2186,89988
NLD,UKR,Directed,2427,89772
AND,GRC,Directed,1304,89750
IND,NGA,Directed,1579,89749
JPN,ECU,Directed,953,165111
PHL,THA,Directed,3790,89108
CHE,SEN,Directed,3688,89035
RUS,DZA,Directed,21,89000
IRL,LBR,Directed,1759,88000
ABW,KOR,Directed,2712,86963
SWE,URY,Directed,3559,86876
MYS,LBN,Directed,2084,86316
IRL,MEX,Directed,1760,171360
TUR,POL,Directed,3942,85312
BRA,DZA,Directed,3,170025
USA,WSM,Directed,4168,84999
ISL,SWE,Directed,3479,167659
CHE,CHL,Directed,3599,154136
ESP,MLI,Directed,3310,83375
BRA,SLV,Directed,230,82851
JPN,SLV,Directed,1864,82820
ECU,BRA,Directed,936,144967
CAN,MLI,Directed,391,82500
NLD,BGD,Directed,145,109913
IND,BEL,Directed,1529,81558
AUT,OMN,Directed,2517,81131
PRK,SGP,Directed,3130,81121
JPN,SYR,Directed,1952,80841
KOR,NCL,Directed,2786,80764
JPN,ROU,Directed,1932,146070
ESP,MUS,Directed,3313,80050
ESP,AGO,Directed,3229,80018
KOR,ZWE,Directed,2834,80000
PAK,BGD,Directed,146,79449
CAN,ISL,Directed,1496,79417
USA,ABW,Directed,4023,79334
LTU,DEU,Directed,1201,79125
BRA,JAM,Directed,249,131823
IDN,USA,Directed,1713,87644
IDN,ESP,Directed,3293,78440
ISR,ECU,Directed,951,78187
UKR,SWE,Directed,3555,78000
IRL,PRT,Directed,1774,134421
NOR,HUN,Directed,1456,77101
PRT,COG,Directed,2630,77061
JPN,LBN,Directed,1893,77040
IND,SCG,Directed,1597,139000
CAN,GRD,Directed,371,76800
COL,BHS,Directed,629,76749
IDN,GBR,Directed,1710,76382
COK,COL,Directed,641,76000
HUN,MMR,Directed,1450,76000
KOR,ABW,Directed,2711,76000
NZL,LKA,Directed,2502,98918
CHE,PER,Directed,3673,131189
USA,PRY,Directed,2567,106716
PAN,PER,Directed,2598,74868
TUR,RUS,Directed,3949,74805
FIN,IRL,Directed,1736,108439
RUS,CHE,Directed,3684,74609
SGP,CAN,Directed,420,76132
KEN,BDI,Directed,1977,74507
DNK,CYP,Directed,792,122436
IRL,JPN,Directed,1754,85311
JPN,CUB,Directed,1853,73741
LBN,CYP,Directed,808,73000
SCG,USA,Directed,3103,111900
KOR,SEN,Directed,2809,72898
FIN,LTU,Directed,1028,72751
KOR,OMN,Directed,2539,132989
GRC,OMN,Directed,2526,72214
SWE,ROU,Directed,2890,85698
IRN,SAU,Directed,2977,72000
SWE,ECU,Directed,3452,112752
DNK,CAN,Directed,836,87818
DNK,MYS,Directed,2062,72713
AUT,KEN,Directed,1974,71186
VEN,PRY,Directed,2568,71039
CHE,JOR,Directed,3647,71038
NLD,CAF,Directed,2272,70748
ESP,PAN,Directed,3328,69054
SWE,PHL,Directed,3525,68750
ISR,AUS,Directed,69,68585
ESP,ETH,Directed,3275,68413
DEU,TTO,Directed,1277,130764
BRA,MLI,Directed,259,68000
COL,STP,Directed,695,68000
PRK,ROU,Directed,2848,68000
BRN,PRT,Directed,2621,67500
GRC,LBY,Directed,1348,67448
NOR,COL,Directed,688,67398
SGP,DNK,Directed,3131,126094
CHN,EGY,Directed,525,67250
GBR,BOL,Directed,189,67186
CHN,RUS,Directed,589,67097
HUN,SLE,Directed,1473,66898
SWE,CUB,Directed,3442,66593
FIN,HUN,Directed,1424,124124
SGP,KWT,Directed,3162,66495
ISL,GBR,Directed,1515,66434
CAN,SUR,Directed,423,66000
UKR,SCG,Directed,3101,66000
IND,SUR,Directed,1604,65875
IRL,IND,Directed,1747,125114
ISR,PER,Directed,2588,65500
IRL,KOR,Directed,1776,116288
NOR,CHL,Directed,471,65251
FRA,LCA,Directed,2908,65172
RUS,TUN,Directed,3861,65000
THA,KHM,Directed,3735,64597
CHN,PRT,Directed,2628,101749
HRV,MLI,Directed,752,64000
BHR,IND,Directed,1527,64000
PRT,SLE,Directed,2688,64000
DEU,ALB,Directed,1080,63311
DEU,BRN,Directed,1108,79600
CHN,JOR,Directed,554,63000
NLD,MRT,Directed,2361,62988
MYS,IRN,Directed,2076,62937
TUR,ISR,Directed,3919,62835
USA,KIR,Directed,4117,62808
KOR,ETH,Directed,2743,62500
DNK,GRL,Directed,863,62267
ABW,CHN,Directed,498,62000
JPN,CIV,Directed,1852,62000
PRT,ARG,Directed,2611,62000
LTU,NLD,Directed,2352,61800
AUS,DEU,Directed,1089,111725
MYS,ITA,Directed,2078,61010
SCG,HRV,Directed,768,61007
SLE,HUN,Directed,1474,61000
AFG,CHN,Directed,492,60976
IND,SYR,Directed,1607,60941
GTM,MEX,Directed,2170,60457
CHN,YEM,Directed,620,60000
HRV,ALB,Directed,716,60000
EGY,OMN,Directed,2523,60000
HUN,SAU,Directed,2971,76333
USA,BMU,Directed,4035,59555
CAN,MMR,Directed,2216,59500
CHE,SYR,Directed,3702,59368
CHE,VEN,Directed,3717,59243
CHN,NPL,Directed,568,59000
HUN,LBY,Directed,1446,59000
CHE,TUN,Directed,3866,86796
NLD,NER,Directed,2372,58750
FIN,MEX,Directed,2164,76111
NOR,NZL,Directed,2485,57892
DEU,SLE,Directed,1258,57625
FIN,ZWE,Directed,1078,57601
CHN,IRL,Directed,1727,57500
IRL,CHN,Directed,548,68085
USA,BGR,Directed,4041,56835
CHN,MNG,Directed,565,56808
ARG,AUS,Directed,34,56569
DEU,KAZ,Directed,1190,56500
FIN,PER,Directed,2584,56253
LKA,SGP,Directed,3209,56195
SGP,TUN,Directed,3216,112000
IRL,TUR,Directed,3918,75196
AUT,JPN,Directed,1833,55434
JAM,TTO,Directed,3827,102828
PRK,JPN,Directed,1857,55300
DEU,BIH,Directed,1104,55289
IND,TZA,Directed,1619,54776
IND,PRK,Directed,1543,54636
CYP,ARE,Directed,821,54613
RUS,CYP,Directed,815,54601
KOR,FJI,Directed,2740,54437
PRT,CHE,Directed,2695,74820
IDN,NGA,Directed,1679,54280
FRA,BLZ,Directed,161,54253
ETH,KEN,Directed,1983,54192
DEU,HND,Directed,1168,53876
NLD,SLE,Directed,2402,53764
JPN,ZWE,Directed,1972,53500
MAR,TUN,Directed,3856,53085
IRL,JOR,Directed,1756,53046
GRC,NER,Directed,1353,53000
KEN,ZWE,Directed,2012,53000
ESP,NZL,Directed,2501,91252
HUN,JPN,Directed,1877,103590
URY,MEX,Directed,2210,52500
IND,JPN,Directed,1566,63019
AUT,AUS,Directed,35,52152
IRL,IRN,Directed,1749,52140
GTM,JAM,Directed,1809,51976
NLD,PNG,Directed,2379,51875
FIN,BRA,Directed,980,102055
ESP,SDN,Directed,3276,51750
AUS,VNM,Directed,128,51675
NZL,PYF,Directed,2465,51588
DEU,AFG,Directed,1079,51499
JPN,URY,Directed,1965,51374
CHE,BGR,Directed,3591,51332
SGP,KHM,Directed,3122,51249
USA,MLI,Directed,4126,51218
DNK,IND,Directed,1546,52897
NLD,NCL,Directed,2369,51116
CHN,TUN,Directed,606,51000
KEN,SGP,Directed,3161,51000
GBR,PRY,Directed,2565,50890
ATG,COL,Directed,623,50613
NZL,CHL,Directed,2454,101002
CHE,ECU,Directed,3615,93813
HUN,ARG,Directed,1397,50101
SGP,BRA,Directed,286,84383
UZB,CHN,Directed,616,50050
CHL,FIN,Directed,984,50007
DZA,TUN,Directed,27,50000
CAN,HRV,Directed,726,50000
SWE,NER,Directed,3517,50000
TUR,AFG,Directed,3870,50000
NOR,BRA,Directed,269,49958
POL,COL,Directed,692,49875
USA,CSK,Directed,4061,49687
PAK,IDN,Directed,1682,49597
MEX,LKA,Directed,2199,85780
ESP,BGD,Directed,152,78617
YEM,CHN,Directed,621,49500
PRT,OMN,Directed,2676,54500
SAU,PRT,Directed,2685,49500
JPN,SCG,Directed,1940,77629
CHE,CYP,Directed,820,73322
AUS,SLB,Directed,107,48225
COL,SCG,Directed,698,48000
ECU,CHL,Directed,940,48000
HUN,NZL,Directed,1454,48000
PRT,MLT,Directed,2664,48000
BEL,ECU,Directed,935,47944
CHN,BOL,Directed,172,47640
MYS,ESP,Directed,2114,81562
SWE,KWT,Directed,3496,47544
SWE,SVN,Directed,3543,47383
ESP,GNQ,Directed,3272,47052
CYP,EGY,Directed,793,47002
SDN,CHN,Directed,529,47000
DEU,BFA,Directed,1111,46897
CAN,BGD,Directed,132,46750
PRK,THA,Directed,3742,46500
MEX,PRY,Directed,2560,46374
DEU,PYF,Directed,1157,46288
ESP,DOM,Directed,3266,46025
IND,DNK,Directed,1545,61734
ISR,CAN,Directed,382,45937
KOR,KWT,Directed,2773,45878
USA,SVN,Directed,4177,45471
NLD,AND,Directed,2239,45119
CAN,MAR,Directed,396,45000
HRV,KHM,Directed,725,45000
DZA,DEU,Directed,1082,65000
TUR,SGP,Directed,3956,75000
KOR,DOM,Directed,2736,44941
KOR,JOR,Directed,2771,44554
JPN,YEM,Directed,1970,44200
ITA,PRY,Directed,2558,44110
DNK,THA,Directed,921,63292
PHL,IDN,Directed,1685,43726
BEL,BGD,Directed,131,43527
IRL,COL,Directed,668,43244
NZL,USA,Directed,2512,44889
GRC,NGA,Directed,1354,43000
LBR,ROU,Directed,2873,43000
DEU,NIC,Directed,1222,42120
DZA,MAR,Directed,14,42000
SWE,TTO,Directed,3551,83551
JPN,MLT,Directed,1900,41607
GRC,ARE,Directed,1381,56671
GRC,ESP,Directed,1373,58327
COL,ESP,Directed,3253,58037
HUN,BHS,Directed,1402,41000
IND,FRA,Directed,1551,40999
TUN,ITA,Directed,3851,40921
DNK,KOR,Directed,904,65373
COL,GIB,Directed,662,40007
AUS,UKR,Directed,120,40000
IND,COL,Directed,1540,40000
PHL,MMR,Directed,2226,40000
THA,AUT,Directed,3726,40000
AUS,CSK,Directed,49,39921
CYP,SAU,Directed,2950,39767
JPN,BGR,Directed,1843,39508
BRA,LKA,Directed,3378,39323
TZA,ARE,Directed,4014,39265
DNK,MDG,Directed,2018,40155
CAN,MUS,Directed,393,39000
PAK,ESP,Directed,3327,39000
IRL,SAU,Directed,2979,65405
DNK,BOL,Directed,174,38616
SWE,BOL,Directed,187,38566
SGP,QAT,Directed,3193,38281
NLD,GIB,Directed,2314,38105
BGD,ARE,Directed,3977,57980
ESP,SLV,Directed,3271,37855
AUT,NZL,Directed,2448,37807
IDN,ZMB,Directed,1716,37800
BGR,MYS,Directed,2050,37687
DEU,IRQ,Directed,1179,37472
USA,AGO,Directed,4019,37394
FIN,COL,Directed,987,69633
SWE,RUS,Directed,3533,37303
AUT,MEX,Directed,2137,37138
GMB,MYS,Directed,2068,37097
CHE,CIV,Directed,3604,37052
BRA,TUN,Directed,298,74000
SWE,DOM,Directed,3451,37000
DEU,MOZ,Directed,1215,36924
IDN,NZL,Directed,2471,66425
CHE,BGD,Directed,3580,44322
URY,COL,Directed,710,36331
CHL,DEU,Directed,1119,36504
ESP,BGR,Directed,3244,36000
TUR,NOR,Directed,3939,36000
ESP,JAM,Directed,1818,35839
NLD,TCD,Directed,2273,35823
ROU,KOR,Directed,2804,35101
AUS,MEX,Directed,78,65963
COL,LBR,Directed,677,35000
HRV,IND,Directed,741,35000
IND,YEM,Directed,1623,35000
SGP,LBN,Directed,3163,35000
ESP,BHR,Directed,3236,34875
COL,CAN,Directed,635,34570
NLD,NPL,Directed,2368,34570
BLR,CHE,Directed,3583,34511
MEX,AUT,Directed,2136,34449
SWE,YEM,Directed,3564,34312
BHR,SAU,Directed,2936,34304
ESP,PHL,Directed,3332,34187
CHE,MUS,Directed,3657,34174
GRC,NLD,Directed,2316,47556
CHE,COD,Directed,3611,34024
BRA,TGO,Directed,296,34000
COL,URY,Directed,709,34000
IND,PAK,Directed,1583,34000
JPN,ARM,Directed,1829,34000
NLD,ARM,Directed,2244,34000
TUN,IDN,Directed,1705,33878
DNK,LKA,Directed,916,50932
GBR,LCA,Directed,2923,33769
ISL,NLD,Directed,2328,33750
MYS,BRN,Directed,2048,66859
AUS,BRA,Directed,39,64967
PER,VEN,Directed,2608,33351
MLT,DEU,Directed,1208,33101
SWE,LKA,Directed,3406,42117
RUS,USA,Directed,4163,33015
COL,AFG,Directed,622,33000
COL,GHA,Directed,661,33000
QAT,MMR,Directed,2227,33000
PRT,MUS,Directed,2666,33000
CHE,BHR,Directed,3579,32964
JPN,BOL,Directed,179,39276
GRC,BIH,Directed,1312,32535
ESP,KWT,Directed,3305,32500
CHN,OMN,Directed,2520,45480
SGP,MEX,Directed,2196,34799
MYS,BEL,Directed,2044,32378
ROU,DZA,Directed,20,32257
MOZ,KEN,Directed,1994,32125
SGP,SLB,Directed,3205,32062
COD,CHN,Directed,521,32000
CYP,IRN,Directed,801,32000
ARG,FIN,Directed,971,32000
CHN,KEN,Directed,1979,54500
KOR,PNG,Directed,2797,32000
KEN,SAU,Directed,2987,32000
ESP,MOZ,Directed,3317,32000
STP,SWE,Directed,3535,32000
THA,BHR,Directed,3728,32000
TUR,UGA,Directed,3967,32000
IRL,SGP,Directed,3152,47194
DNK,OMN,Directed,2522,58758
AUT,BGD,Directed,130,31199
BRA,HND,Directed,239,31163
NZL,KOR,Directed,2493,53650
JPN,UMI,Directed,1964,31016
COL,ISR,Directed,669,31000
HUN,BGD,Directed,137,30898
IND,MUS,Directed,1574,30636
CHE,GAB,Directed,3623,30500
KEN,BOL,Directed,180,30312
USA,EST,Directed,4074,30214
COL,JPN,Directed,674,30000
JPN,NIC,Directed,1912,30000
RUS,MYS,Directed,2108,30000
VCT,TUR,Directed,3951,30000
LKA,SAU,Directed,3023,29941
USA,NER,Directed,4141,29894
DNK,IDN,Directed,1647,29947
KAZ,DEU,Directed,1191,29500
POL,IND,Directed,1586,29500
CHE,RUS,Directed,3683,29156
ISL,USA,Directed,4099,46706
NLD,LTU,Directed,2351,28960
PER,PAN,Directed,2597,28441
NLD,BRN,Directed,2262,29764
IDN,GUY,Directed,1389,28320
SGP,AUT,Directed,3109,28281
BGR,CYP,Directed,790,28199
PRK,SAU,Directed,2953,28100
GRC,SGP,Directed,3145,28000
BOL,SWE,Directed,3425,28000
HRV,SWE,Directed,3441,28000
BRA,HUN,Directed,240,51750
GRC,ALB,Directed,1303,27710
CHN,DZA,Directed,4,43000
IRL,ECU,Directed,950,27285
MEX,BLZ,Directed,163,30307
PHL,KOR,Directed,2799,27011
NLD,EST,Directed,2299,26694
IND,KWT,Directed,1570,26628
SWE,VEN,Directed,3562,26552
ITA,ISL,Directed,1504,26547
ARG,NZL,Directed,2444,26519
JOR,OMN,Directed,2531,26500
CHE,SLV,Directed,3617,26249
PER,CHN,Directed,580,26054
TUN,DZA,Directed,28,48159
AUT,CAN,Directed,332,25421
SWE,FRO,Directed,3458,25356
IDN,FRA,Directed,1652,25300
GTM,CHN,Directed,539,25257
SGP,CHE,Directed,3693,25601
PRT,ISL,Directed,2651,25546
ISL,DEU,Directed,1172,45819
NLD,FRO,Directed,2301,25078
CUB,CHN,Directed,516,25000
MMR,CHN,Directed,567,25000
ROU,HRV,Directed,762,25000
EGY,DEU,Directed,1146,25000
IND,GRC,Directed,1338,25000
SDN,SWE,Directed,3464,25000
CHE,QAT,Directed,3679,24952
DNK,JPN,Directed,879,44444
RUS,JPN,Directed,1935,24811
ARE,DNK,Directed,925,24750
OMN,ARE,Directed,2547,24640
GBR,BRN,Directed,325,24616
DEU,LBR,Directed,1198,24283
PRT,USA,Directed,2704,24855
TUN,DEU,Directed,1279,24972
MLI,MMR,Directed,2225,24000
CSK,LKA,Directed,3381,24000
LBY,SWE,Directed,3499,24000
ESP,SVN,Directed,3350,23961
NLD,MDA,Directed,2391,23949
BOL,BRA,Directed,168,47448
PAK,ARE,Directed,4000,23800
ALB,CHE,Directed,3568,23601
TTO,GUY,Directed,3825,45475
CAN,TUN,Directed,3843,23550
ISL,CAN,Directed,1495,23500
CHE,AGO,Directed,3571,23417
AUS,CAN,Directed,41,25252
GRC,CHE,Directed,3628,36725
MEX,FRA,Directed,2165,23100
IND,FIN,Directed,1010,23064
KOR,LCA,Directed,2918,23018
HRV,ESP,Directed,772,23000
PRT,NOR,Directed,2674,23000
SCG,AUT,Directed,3048,23000
DNK,AUS,Directed,827,34606
CAN,LCA,Directed,2904,22757
MEX,DNK,Directed,890,27683
HUN,PER,Directed,1458,22601
NOR,LKA,Directed,3396,22562
SPM,DEU,Directed,1251,22500
SCG,ESP,Directed,3347,22500
URY,CHL,Directed,486,22498
HUN,ALB,Directed,1395,22398
IRL,CYP,Directed,1728,31792
TUR,KAZ,Directed,3925,22296
AUT,CHL,Directed,448,22261
USA,MUS,Directed,4128,22250
GRC,AUT,Directed,1307,22214
ESP,PRK,Directed,3260,22101
NLD,HND,Directed,2324,22018
BIH,DEU,Directed,1105,22000
SCG,ALB,Directed,3046,22000
ZWE,DEU,Directed,1302,21898
USA,KNA,Directed,4165,21652
NLD,VNM,Directed,2439,21625
PRT,FIN,Directed,2638,32592
PRT,RUS,Directed,2681,21449
NLD,SHN,Directed,2396,21425
AUS,CHE,Directed,3576,23097
HUN,MDG,Directed,1447,21300
ISR,CHN,Directed,549,21250
ALB,NLD,Directed,2237,21246
PRK,MDG,Directed,2017,21199
IRQ,CHN,Directed,547,21000
SAU,HRV,Directed,765,21000
PRT,SCG,Directed,3089,21000
TUR,MLT,Directed,3933,21000
CHE,PHL,Directed,3674,20983
USA,GRD,Directed,4091,20967
CHE,ISL,Directed,1514,27635
AUS,EGY,Directed,51,20800
KOR,GTM,Directed,2752,20750
IND,NLD,Directed,1577,21030
DEU,TGO,Directed,1276,20625
SCG,OMN,Directed,2542,20578
NOR,MEX,Directed,2187,20503
USA,COG,Directed,4055,20389
DEU,SDN,Directed,1154,20312
NLD,ABW,Directed,2245,20308
CHE,BLR,Directed,3582,20269
JPN,GTM,Directed,1875,20180
FRA,ISL,Directed,1500,20160
CHE,BIH,Directed,3588,20039
DEU,PRK,Directed,1136,20014
ISR,BRA,Directed,246,20000
DEU,ARM,Directed,1087,20000
DEU,DJI,Directed,1141,20000
GIB,GRC,Directed,1335,20000
MMR,HUN,Directed,1451,20000
BTN,IND,Directed,1531,20000
CSK,MEX,Directed,2158,20000
MEX,KWT,Directed,2182,20000
ROU,CSK,Directed,2846,20000
PRK,ESP,Directed,3261,20000
THA,IRL,Directed,3762,20000
THA,PNG,Directed,3788,20000
TUR,CSK,Directed,3895,20000
GRC,BHS,Directed,1309,19898
DNK,JOR,Directed,881,19889
CAN,BGR,Directed,342,19800
ECU,ESP,Directed,3268,19776
FIN,MMR,Directed,1034,19770
BRA,MDG,Directed,2015,19750
SYR,DEU,Directed,1273,19699
IND,AUS,Directed,1523,19699
MEX,AUS,Directed,2134,22786
IRL,EGY,Directed,1733,19562
PRT,SDN,Directed,2640,19500
CSK,SAU,Directed,2951,19480
USA,LBR,Directed,4121,19476
GRC,PRT,Directed,1360,25515
GBR,GUY,Directed,1393,19348
OMN,BHR,Directed,2518,19328
SWE,BHS,Directed,3418,19292
NPL,OMN,Directed,2534,19253
PAK,USA,Directed,4148,19246
SGP,IRL,Directed,3151,21518
DEU,UGA,Directed,1282,19199
ISR,JAM,Directed,1810,19081
POL,HRV,Directed,759,19000
GRD,SCG,Directed,3069,19000
SGP,PYF,Directed,3140,19000
SWE,OMN,Directed,3521,18880
THA,KOR,Directed,2824,19836
USA,BRN,Directed,4040,33564
DNK,MEX,Directed,889,36799
NLD,DJI,Directed,2292,18655
CAN,RUS,Directed,415,18624
PRK,DEU,Directed,1137,18574
BGR,CHE,Directed,3592,18500
KWT,OMN,Directed,2532,18437
USA,LVA,Directed,4119,18355
ATG,CHN,Directed,495,18250
NLD,GNB,Directed,2321,18250
DMA,USA,Directed,4067,18199
NLD,GNQ,Directed,2298,18187
BRN,SGP,Directed,3119,18097
JPN,PAN,Directed,1920,18072
CHE,RWA,Directed,3685,18039
AUS,TUR,Directed,118,18049
CHL,ITA,Directed,463,18000
MYS,CHL,Directed,2054,18417
NZL,IND,Directed,2469,18000
ROU,FRA,Directed,2853,18000
ROU,LTU,Directed,2874,18000
AZE,SAU,Directed,2934,18000
THA,SLV,Directed,3746,18000
ZWE,KEN,Directed,2013,17903
MUS,MDG,Directed,2025,17874
DNK,SGP,Directed,3132,29738
USA,SLE,Directed,4174,17819
CRI,USA,Directed,4057,17800
IRL,CHL,Directed,462,17761
CHE,ZWE,Directed,3721,17726
CAN,SEN,Directed,417,17617
COL,DNK,Directed,648,17500
CHN,HUN,Directed,1413,17500
SGP,MLT,Directed,3168,17500
USA,MSR,Directed,4132,17500
FIN,JOR,Directed,1021,17477
MYS,LCA,Directed,2914,17375
JPN,TZA,Directed,1963,17360
ECU,BOL,Directed,175,17281
FIN,LVA,Directed,1024,17150
JOR,CHN,Directed,555,17148
HUN,KEN,Directed,1987,17101
NLD,TUV,Directed,2425,17097
JPN,SVN,Directed,1943,17080
CAN,DMA,Directed,357,17000
CHN,AFG,Directed,491,17000
CHN,COD,Directed,520,17000
CHN,NOR,Directed,574,17000
PRK,COL,Directed,647,17000
MYS,YEM,Directed,2130,17000
BEL,MMR,Directed,2215,17000
SDN,MMR,Directed,2218,17000
KOR,DMA,Directed,2735,17000
LKA,BGD,Directed,3376,17000
SWE,CRI,Directed,3438,17000
SWE,HTI,Directed,3475,17000
THA,EGY,Directed,3745,17000
NLD,ALB,Directed,2236,16999
DNK,NGA,Directed,895,16991
CHL,IDN,Directed,1639,16858
RUS,OMN,Directed,2540,16816
SWE,MLI,Directed,3504,16649
MYS,BHR,Directed,2041,16625
CAN,TGO,Directed,429,16500
COL,CYP,Directed,645,16500
HUN,GAB,Directed,1427,16500
PRT,DOM,Directed,2636,16500
OMN,LKA,Directed,3397,16500
PAK,LKA,Directed,3398,16500
USA,RWA,Directed,4164,16500
EGY,NLD,Directed,2296,16398
NZL,NCL,Directed,2484,16382
NLD,PRK,Directed,2288,16378
ESP,BOL,Directed,186,16503
JAM,LCA,Directed,1816,16292
TUR,AZE,Directed,3877,16187
BMU,CHN,Directed,507,16035
JPN,SEN,Directed,1939,16000
MYS,MEX,Directed,2087,16000
MYS,QAT,Directed,2103,16000
ESP,VNM,Directed,3372,16000
SHN,LKA,Directed,3401,16000
AFG,THA,Directed,3722,16000
TUR,NGA,Directed,3938,16000
CHL,PRY,Directed,2555,30374
NLD,CPV,Directed,2267,15929
HUN,COG,Directed,1415,15812
DOM,SAU,Directed,2956,15812
IRL,HUN,Directed,1438,15687
MYS,DMA,Directed,2063,15625
MYS,EGY,Directed,2064,15625
CYP,GRC,Directed,797,15562
GRC,AUS,Directed,1305,15562
AUS,SWE,Directed,111,22803
PRT,CMR,Directed,2624,15500
CHE,MDG,Directed,3653,15812
CHN,VNM,Directed,618,15375
ISR,DNK,Directed,876,15362
CHN,BRA,Directed,217,15166
MYS,SWE,Directed,2117,15125
BGR,SAU,Directed,2942,15125
SAU,JAM,Directed,1817,15062
NLD,AGO,Directed,2241,15062
PHL,DZA,Directed,17,15000
UKR,DZA,Directed,30,15000
IRN,BGD,Directed,140,15000
EGY,GRC,Directed,1329,15000
IND,BRA,Directed,1532,15000
TUR,SDN,Directed,3903,14812
IRL,NGA,Directed,1768,14749
JPN,LBY,Directed,1895,14400
CHE,LKA,Directed,3407,18309
IDN,OMN,Directed,2528,14250
TUR,AUS,Directed,119,28000
CYP,BGR,Directed,789,14000
ISL,DNK,Directed,1497,14000
NZL,PAK,Directed,2486,14000
KOR,SUR,Directed,2817,14000
AFG,SAU,Directed,2927,14000
KEN,USA,Directed,4116,14000
CHE,ZMB,Directed,3720,13845
CHE,TZA,Directed,3713,13824
DEU,AZE,Directed,1092,13659
SGP,HUN,Directed,1476,27121
IND,QAT,Directed,1588,13457
DNK,CHL,Directed,838,22648
NLD,UZB,Directed,2437,13437
BHR,ARE,Directed,3976,13437
FIN,BLR,Directed,977,13236
PAN,ECU,Directed,957,13235
NOR,JAM,Directed,1814,13125
CHN,TTO,Directed,3820,13125
FIN,ECU,Directed,947,21126
NZL,FRA,Directed,2463,13042
CAN,POL,Directed,410,13000
SWE,CMR,Directed,3430,13000
LKA,FRA,Directed,3383,12812
BRN,CHN,Directed,510,12750
LKA,TUR,Directed,3960,12625
NZL,CAN,Directed,2452,12940
FIN,BHR,Directed,976,12500
ESP,GIB,Directed,3282,12494
BGR,SGP,Directed,3121,12250
CYP,NLD,Directed,809,12125
IND,BHR,Directed,1526,12062
DNK,NZL,Directed,893,18377
SWE,DZA,Directed,25,12215
HRV,BLR,Directed,720,12000
JPN,BEN,Directed,1839,12000
SCG,BEL,Directed,3051,12000
GUY,SCG,Directed,3070,12000
NZL,SAU,Directed,2496,15937
DNK,VEN,Directed,931,11812
CHE,BOL,Directed,188,12576
AUT,SGP,Directed,3110,11548
IDN,PNG,Directed,1683,11500
AUS,OMN,Directed,2516,11375
DEU,NER,Directed,1223,11250
IND,NOR,Directed,1580,11250
ARE,NLD,Directed,2430,11250
KOR,PAN,Directed,2796,11125
IRL,PAK,Directed,1771,11040
IDN,CHL,Directed,1638,10937
TTO,SUR,Directed,3831,10937
MLT,NLD,Directed,2359,10824
FIN,VNM,Directed,1077,10782
DNK,CSK,Directed,847,10743
ECU,PAN,Directed,956,10625
KOR,MDG,Directed,2030,21250
FRA,JAM,Directed,1807,10562
CHL,USA,Directed,4047,18687
LBN,SAU,Directed,2991,10522
CAN,CSK,Directed,352,10500
CRI,MEX,Directed,2155,10500
GRC,SWE,Directed,3471,10357
BRB,LCA,Directed,2903,10346
DNK,MLT,Directed,888,10312
VEN,BOL,Directed,192,10217
DEU,GIN,Directed,1166,10199
DMA,THA,Directed,3744,10187
BLZ,MYS,Directed,2046,10148
DNK,BGD,Directed,134,10140
KWT,CHN,Directed,558,10062
FRA,GUY,Directed,1388,10062
DNK,KEN,Directed,1980,15516
BOL,PER,Directed,184,10000
ARG,IND,Directed,1522,10000
IRN,IND,Directed,1560,10000
JPN,TUN,Directed,1955,11199
PRT,MDG,Directed,2029,10000
KOR,GHA,Directed,2749,10000
HND,SAU,Directed,2970,10000
TUR,AUT,Directed,3875,10000
TUR,PRK,Directed,3897,10000
CSK,ARE,Directed,3982,10000
THA,FIN,Directed,3747,9812
BRA,KEN,Directed,253,19031
CHE,URY,Directed,3714,9685
AUT,BRA,Directed,201,9617
DNK,SDN,Directed,856,9506
DNK,ARG,Directed,826,9500
NIC,COL,Directed,685,9437
CHE,CRI,Directed,3603,9432
CHL,URY,Directed,485,9415
ARE,USA,Directed,4196,9187
MEX,JAM,Directed,1812,9185
IRL,BRA,Directed,244,9074
JPN,LTU,Directed,1896,8960
CHE,ATG,Directed,3572,8875
IDN,MRT,Directed,1670,8874
NLD,TKM,Directed,2424,8874
LBN,CHN,Directed,559,8750
KOR,DZA,Directed,19,8687
ROU,TUN,Directed,3860,8562
SYR,SAU,Directed,3029,8491
SGP,JAM,Directed,3157,8437
GRC,HUN,Directed,1432,8698
CAN,KEN,Directed,1978,16406
CSK,CAN,Directed,353,8312
IDN,CSK,Directed,1643,8250
IDN,HUN,Directed,1656,8250
JPN,PRY,Directed,2559,8062
IRL,KEN,Directed,1757,8000
SWE,CIV,Directed,3439,8000
JPN,TTO,Directed,3828,8000
THA,TUR,Directed,3965,8000
NLD,BMU,Directed,2257,7909
ESP,ISL,Directed,3290,7901
SWE,LVA,Directed,3497,7892
CHE,GTM,Directed,3629,7870
JPN,BRN,Directed,318,7631
GRC,CMR,Directed,1316,7562
IND,SDN,Directed,1550,7562
IND,IRN,Directed,1559,7562
MYS,MDG,Directed,2023,9562
ITA,LCA,Directed,2912,7499
FIN,COG,Directed,988,7495
SWE,BGR,Directed,3428,7430
AUS,MUS,Directed,77,7412
CHE,AFG,Directed,3567,7375
URY,BOL,Directed,190,7312
USA,CYM,Directed,4045,7312
NLD,CYM,Directed,2271,7250
JPN,SLB,Directed,1944,7200
USA,CXR,Directed,4050,7187
IND,SYC,Directed,1599,7140
CYM,MEX,Directed,2148,7062
GRC,FIN,Directed,1005,7000
LVA,FIN,Directed,1025,7000
DMA,DEU,Directed,1142,7000
TZA,IDN,Directed,1712,7000
PAK,JPN,Directed,1918,7000
GRC,KOR,Directed,2751,7000
COG,SWE,Directed,3437,7000
PRT,JAM,Directed,1815,6937
NZL,ARG,Directed,2443,6918
USA,GRL,Directed,4090,6875
DNK,HUN,Directed,1420,11541
ESP,CRI,Directed,3254,6824
DMA,ESP,Directed,3265,6812
DNK,EGY,Directed,852,6791
CYP,DEU,Directed,1133,6687
SGP,BMU,Directed,3115,6625
IND,AGO,Directed,1520,6562
THA,CHL,Directed,482,13000
CHE,KWT,Directed,3649,6412
CAN,VNM,Directed,440,6375
PHL,ECU,Directed,960,6375
AUS,WSM,Directed,102,6366
IRL,NOR,Directed,1769,6250
BGR,NLD,Directed,2264,6187
ARE,THA,Directed,3810,6125
IRL,THA,Directed,1792,6991
COL,CUB,Directed,644,6062
IRN,CAN,Directed,378,6000
CHN,ARG,Directed,496,6000
IND,CYP,Directed,800,7500
GRC,TCD,Directed,1318,6000
CHN,JAM,Directed,1804,6000
PRT,VEN,Directed,2706,6000
KOR,NOR,Directed,2791,6000
ISR,SCG,Directed,3078,6000
SWE,GHA,Directed,3469,6000
SWE,PAN,Directed,3523,6000
AUS,RUS,Directed,101,5908
GRC,ISR,Directed,1341,5851
AUS,TON,Directed,117,5812
NLD,TJK,Directed,2416,5812
PRK,SWE,Directed,3446,5758
IND,BDI,Directed,1534,5750
IRL,TUN,Directed,3850,5593
CAN,MLT,Directed,392,5562
DNK,IRN,Directed,872,5558
CHE,CUB,Directed,3607,5506
KOR,HND,Directed,2754,5500
BGR,THA,Directed,3734,5500
IRL,AUS,Directed,67,8940
PER,CHL,Directed,2576,9445
KOR,CYP,Directed,2731,5280
NLD,LBR,Directed,2349,5187
IDN,CAN,Directed,1636,5125
ESP,ROU,Directed,3340,5125
GRC,USA,Directed,1384,8437
ESP,GUY,Directed,1391,5062
CHL,TUR,Directed,483,10000
CHN,TZA,Directed,613,5000
NRU,HRV,Directed,753,5000
IND,ARG,Directed,1521,5000
NOR,SCG,Directed,3086,5000
EGY,ESP,Directed,3270,5000
SWE,BRB,Directed,3421,5000
SGP,NCL,Directed,3178,4999
EGY,IDN,Directed,1649,4948
MYS,FRA,Directed,2066,4937
NOR,LCA,Directed,2916,4812
MUS,USA,Directed,4129,4812
CHE,OMN,Directed,3669,6161
MYS,CAN,Directed,2052,4750
DNK,ARE,Directed,3983,5653
PRT,JPN,Directed,1927,4670
GRD,CHN,Directed,538,4625
CAN,BMU,Directed,338,4500
CYP,JOR,Directed,806,4500
TTO,BRB,Directed,3816,4444
CYP,OMN,Directed,2521,4375
KOR,CMR,Directed,2724,4312
CHE,PAN,Directed,3671,4312
AUS,VUT,Directed,126,4270
SWE,BHR,Directed,3419,4143
SWE,PER,Directed,2602,8139
DNK,PER,Directed,899,8034
CHE,GIN,Directed,3630,4125
SWE,MLT,Directed,3505,4107
CAN,BHS,Directed,333,4000
PYF,CHN,Directed,532,4000
CYP,COL,Directed,646,4000
IND,UGA,Directed,1614,4000
JPN,MWI,Directed,1897,4000
JPN,KNA,Directed,1936,4000
GRL,NLD,Directed,2317,4000
CHE,KHM,Directed,3594,4000
CHE,EST,Directed,3618,3972
BRA,AUT,Directed,200,3937
LKA,MDV,Directed,3392,3910
ARE,DEU,Directed,1286,3875
SDN,IDN,Directed,1651,3875
IRL,ARE,Directed,1794,5530
SWE,LTU,Directed,3500,3822
DEU,WLF,Directed,1298,3812
OMN,CHN,Directed,577,3750
CXR,USA,Directed,4051,3625
FIN,CRI,Directed,989,3577
VEN,DEU,Directed,1295,3500
CHE,NER,Directed,3665,3500
CYP,BHR,Directed,786,3437
BRA,BGR,Directed,208,3375
PAN,DEU,Directed,1231,3375
DEU,CAF,Directed,1116,3370
PRY,CHL,Directed,473,3331
PAN,CHN,Directed,579,3312
LCA,DEU,Directed,2909,3312
USA,FSM,Directed,4082,3292
CAN,GUY,Directed,1387,5286
CHE,PRY,Directed,3672,5181
CHN,DOM,Directed,524,3250
JAM,PER,Directed,2590,3250
TUN,ROU,Directed,3859,3250
USA,GEO,Directed,4084,3250
PHL,DEU,Directed,1237,3199
SGP,GRC,Directed,3144,3187
TTO,GRD,Directed,3824,3124
DNK,ECU,Directed,946,3300
ITA,BOL,Directed,178,3034
KOR,TUN,Directed,3858,3002
CHN,SCG,Directed,593,3000
UKR,HRV,Directed,778,3000
ISL,HUN,Directed,1433,3000
IND,ETH,Directed,1549,3000
IND,MDG,Directed,1571,3406
NER,IDN,Directed,1678,3000
JPN,ISL,Directed,1878,4715
KOR,SDN,Directed,2744,3000
LBN,ROU,Directed,2872,3000
EGY,SWE,Directed,3454,3000
SWE,ETH,Directed,3462,3000
CHE,HND,Directed,3631,3000
SWE,NCL,Directed,3514,2936
CHE,NPL,Directed,3661,2909
PRT,GNB,Directed,2648,2875
SWE,SDN,Directed,3463,2840
GRC,BRA,Directed,1313,2812
OMN,KOR,Directed,2794,2812
EST,SAU,Directed,2959,2812
VEN,JAM,Directed,1825,2796
IRL,PER,Directed,2587,2772
NLD,BIH,Directed,2259,2750
KEN,TUR,Directed,3927,2750
SWE,ZMB,Directed,3565,2740
CYP,AUT,Directed,784,2707
ESP,GIN,Directed,3286,2687
SWE,VNM,Directed,3563,2649
JPN,PLW,Directed,1919,2640
DEU,TCD,Directed,1117,2625
IRL,BGD,Directed,1720,4255
DOM,LCA,Directed,2907,2625
JPN,DJI,Directed,1860,2595
AFG,MEX,Directed,2131,2562
ESP,PRY,Directed,3329,4468
CHN,MDG,Directed,2016,2500
LKA,MDG,Directed,2032,2500
NLD,NIC,Directed,2371,2500
KOR,ECU,Directed,2737,3833
KWT,SAU,Directed,2989,2500
DEU,LCA,Directed,2910,2456
CHE,VNM,Directed,3718,2437
DEU,SLB,Directed,1263,2421
PRT,DZA,Directed,18,2375
PNG,AUS,Directed,92,2375
THA,BRN,Directed,324,2488
IRL,MAR,Directed,1762,2375
PAK,SAU,Directed,3009,2375
SGP,BGR,Directed,3120,2375
SWE,COD,Directed,3447,2333
BEL,BOL,Directed,167,2312
BLR,CHN,Directed,504,2312
IRN,DEU,Directed,1178,2312
NZL,DEU,Directed,2466,2265
ARE,CYP,Directed,822,2261
NER,THA,Directed,3783,2250
NZL,FIN,Directed,2461,2249
DNK,ROU,Directed,906,3108
DEU,AND,Directed,1083,2199
AUS,KEN,Directed,74,4343
AUS,NRU,Directed,80,2187
GTM,BLZ,Directed,162,2187
CXR,MYS,Directed,2058,2187
NLD,GEO,Directed,2310,2187
IRL,HRV,Directed,744,2173
IRL,SCG,Directed,3076,2428
BGR,MEX,Directed,2144,2125
THA,MEX,Directed,3775,2125
JPN,GHA,Directed,1873,2075
SCG,DZA,Directed,23,2062
AUS,BEL,Directed,37,2062
CAN,BLZ,Directed,160,2062
NIC,IRL,Directed,1767,2062
CHL,MYS,Directed,2055,2062
PRT,BGR,Directed,2622,2062
TUR,BGD,Directed,3879,2062
BGD,MYS,Directed,2043,2011
NLD,LCA,Directed,2915,2008
ECU,CRI,Directed,944,2003
CHN,FIN,Directed,526,2250
GRC,POL,Directed,1358,2000
ARE,JPN,Directed,1960,2000
SOM,KEN,Directed,2002,2000
MYS,BGR,Directed,2049,2000
JOR,MYS,Directed,2083,2000
NLD,MHL,Directed,2360,2000
NZL,COK,Directed,2457,2000
GIN,KOR,Directed,2753,2000
SWE,SLV,Directed,3455,2000
SWE,NIC,Directed,3516,2000
SWE,SEN,Directed,3538,2000
SWE,UGA,Directed,3554,2000
ISL,TUR,Directed,3912,2000
SLV,USA,Directed,4073,2000
GRC,NOR,Directed,1355,1937
IND,CHL,Directed,1537,1937
DNK,ISR,Directed,875,1928
KOR,POL,Directed,2800,1898
THA,HUN,Directed,1486,1893
PER,CRI,Directed,2580,1886
USA,MWI,Directed,4123,1875
IDN,KOR,Directed,1690,1866
OMN,DEU,Directed,1228,1812
IRL,GHA,Directed,1742,1812
IRL,SYR,Directed,1791,1750
KEN,SOM,Directed,2001,1750
CHE,CMR,Directed,3595,1733
COL,MYS,Directed,679,2891
CHN,AUT,Directed,501,1625
MEX,GRC,Directed,1350,1625
IDN,DNK,Directed,1646,1625
CHE,SLE,Directed,3691,1625
SWE,MOZ,Directed,3509,1602
DEU,GMB,Directed,1159,1597
CHE,YEM,Directed,3719,1565
IRL,ISL,Directed,1503,2697
IDN,MWI,Directed,1667,1562
DNK,CIV,Directed,843,1553
ITA,BRN,Directed,317,1540
SGP,TUR,Directed,3957,2194
AUS,GRC,Directed,59,2077
BRA,LBR,Directed,256,1500
DEU,FRO,Directed,1149,1500
VNM,DEU,Directed,1297,1500
THA,QAT,Directed,3793,1500
CHE,DOM,Directed,3614,1440
DNK,KWT,Directed,883,1437
AND,NLD,Directed,2240,1437
SCG,MNG,Directed,3083,1415
KOR,HRV,Directed,760,1406
DNK,RUS,Directed,907,1395
FIN,SVN,Directed,1057,1384
DEU,BHS,Directed,1093,1375
ESP,NIC,Directed,3321,1375
CHE,TTO,Directed,3706,2750
GRC,SVN,Directed,1372,1312
CHE,TGO,Directed,3705,1312
ECU,VEN,Directed,968,1296
HUN,CAN,Directed,1410,1296
AUS,BRN,Directed,311,1250
CHL,CHN,Directed,514,1250
DNK,BHR,Directed,831,1250
NZL,WLF,Directed,2515,1250
ARE,YEM,Directed,4016,1250
IRL,TCD,Directed,1725,1199
FRA,BOL,Directed,176,1198
GRC,GBR,Directed,1382,1194
IND,TTO,Directed,1611,1187
AUT,JAM,Directed,1800,1187
IRN,SWE,Directed,3483,1143
DEU,COM,Directed,1125,1125
IND,TKL,Directed,1610,1125
USA,BIH,Directed,4037,1125
JPN,FSM,Directed,1870,1100
GBR,MDG,Directed,2035,1097
AUT,PER,Directed,2570,1081
GBR,BLZ,Directed,164,1062
COL,ROU,Directed,694,1062
BGR,ECU,Directed,938,1062
SWE,MDG,Directed,2033,2062
MYS,JOR,Directed,2082,1062
NZL,CHE,Directed,2504,1062
NOR,PRY,Directed,2562,1062
CHL,LKA,Directed,3379,1062
GMB,THA,Directed,3751,1062
SCG,THA,Directed,3799,1062
NOR,PER,Directed,2596,1034
AUS,ESP,Directed,108,1276
COL,LBN,Directed,676,1000
NOR,HRV,Directed,756,1000
ESP,HRV,Directed,773,1000
CYP,GBR,Directed,823,1000
DNK,DOM,Directed,850,1000
DNK,LBR,Directed,885,1000
VEN,FIN,Directed,1076,1000
GRC,COD,Directed,1325,1000
BHS,HUN,Directed,1403,1000
GHA,HUN,Directed,1430,1000
IDN,QAT,Directed,1688,1000
IRL,NPL,Directed,1763,1000
MYS,KHM,Directed,2051,1000
PER,MEX,Directed,2592,1000
PRT,TUN,Directed,2697,1000
CSK,KOR,Directed,2732,1000
ROU,JOR,Directed,2871,1000
ROU,ESP,Directed,2889,2000
OMN,SAU,Directed,3007,1000
SWE,BMU,Directed,3424,1000
SWE,KHM,Directed,3429,1000
SWE,DMA,Directed,3450,1000
EST,SWE,Directed,3457,1000
SWE,GRD,Directed,3472,1000
SWE,GTM,Directed,3473,1000
SWE,GUY,Directed,3474,1000
SWE,NPL,Directed,3511,1000
SVN,CHE,Directed,3695,1000
GRC,THA,Directed,3755,1000
AFG,USA,Directed,4017,1000
USA,CCK,Directed,4052,1000
VGB,BRA,Directed,207,996
IND,CMR,Directed,1535,988
IRL,SDN,Directed,1737,957
NZL,PER,Directed,2488,1821
GRC,RUS,Directed,1366,949
AUS,PLW,Directed,90,921
IRL,LBN,Directed,1758,909
DNK,LBN,Directed,884,898
AUT,ECU,Directed,934,898
DEU,GIB,Directed,1161,898
BGR,ISL,Directed,1494,898
CHL,ESP,Directed,3249,898
BEL,JAM,Directed,1801,885
SWE,MWI,Directed,3502,863
AUS,VEN,Directed,127,847
NZL,POL,Directed,2490,839
TUR,BLR,Directed,3880,839
IRL,AUT,Directed,1718,832
JPN,JAM,Directed,1811,804
POL,ISL,Directed,1508,796
KOR,JAM,Directed,2768,796
SYR,ROU,Directed,2894,785
DNK,HTI,Directed,865,777
LAO,TUR,Directed,3929,757
GRC,QAT,Directed,1362,746
JPN,MNP,Directed,1906,723
AUS,ARG,Directed,33,722
COL,SAU,Directed,696,714
GHA,THA,Directed,3754,707
KOR,BRN,Directed,321,706
NLD,MWI,Directed,2354,699
NZL,GBR,Directed,2509,688
AUS,ISR,Directed,68,687
DNK,TUN,Directed,3844,685
TTO,JAM,Directed,1821,995
LCA,USA,Directed,2924,667
KEN,MUS,Directed,1993,656
ISR,NZL,Directed,2475,656
PER,USA,Directed,2606,651
AUS,CXR,Directed,46,639
GRC,DNK,Directed,1326,636
ESP,BRB,Directed,3238,636
AUS,PRT,Directed,2613,600
BHR,DEU,Directed,1095,597
LCA,TTO,Directed,2921,597
SGP,PER,Directed,3187,710
ARG,THA,Directed,3723,597
BEL,BRN,Directed,312,589
GBR,MMR,Directed,2234,578
JPN,ZMB,Directed,1971,550
URY,PER,Directed,2605,524
WLF,COL,Directed,715,500
DEU,NCL,Directed,1220,500
SAU,PER,Directed,2599,500
MAR,THA,Directed,3777,500
CHN,COL,Directed,640,488
KOR,SLB,Directed,2813,476
TUN,BGR,Directed,3842,472
DEU,LAO,Directed,1194,471
DNK,NIC,Directed,894,464
PRY,BOL,Directed,183,452
TUR,JPN,Directed,1957,450
DNK,BRB,Directed,832,449
PRT,STP,Directed,2683,437
SGP,ROU,Directed,3197,437
LBN,DZA,Directed,12,429
IRL,SLV,Directed,1734,421
SGP,ISL,Directed,1511,417
ARG,SAU,Directed,2929,417
THA,MUS,Directed,3774,417
SGP,CHL,Directed,478,800
IRL,PRK,Directed,1729,398
MDG,MUS,Directed,2024,398
IRL,RUS,Directed,1779,378
IRL,NZL,Directed,2474,371
COL,PRT,Directed,2629,367
COL,NOR,Directed,687,363
BRB,GUY,Directed,1386,363
PHL,ESP,Directed,3333,363
DNK,HRV,Directed,844,359
NZL,AUT,Directed,2447,359
SWE,IRQ,Directed,3484,358
NZL,KIR,Directed,2479,347
LCA,GUY,Directed,2911,347
PHL,IND,Directed,1585,339
MYS,SCG,Directed,3082,335
SWE,JAM,Directed,3491,335
CHE,MLT,Directed,3656,308
AUS,IRL,Directed,66,296
IND,BRN,Directed,316,296
BGR,CHN,Directed,511,296
DNK,TTO,Directed,922,296
DEU,CCK,Directed,1122,296
PRK,IRL,Directed,1730,296
KEN,SDN,Directed,1984,296
POL,LCA,Directed,2917,296
YEM,SAU,Directed,3045,296
PRK,DNK,Directed,849,285
NZL,ISL,Directed,2468,277
AND,CHL,Directed,444,269
AUS,DNK,Directed,828,269
ARG,ESP,Directed,3231,269
IRL,NIC,Directed,1766,257
BEL,TTO,Directed,3817,250
PHL,JPN,Directed,1924,247
PER,BRA,Directed,275,441
DNK,GTM,Directed,864,242
DNK,COK,Directed,842,238
DNK,GIB,Directed,861,238
PRT,CHL,Directed,2626,468
LCA,CHE,Directed,2920,230
DMA,LCA,Directed,2906,222
IRL,GTM,Directed,1744,214
NZL,URY,Directed,2511,210
AUS,GTM,Directed,60,199
PRY,DEU,Directed,1234,199
LKA,HUN,Directed,1479,199
NLD,CCK,Directed,2278,199
POL,PRT,Directed,2678,199
SGP,ARG,Directed,3105,199
SWE,FJI,Directed,3459,191
BRA,NIC,Directed,267,183
CHN,MUS,Directed,563,179
COL,NIC,Directed,684,179
SWE,MMR,Directed,3510,179
IRN,THA,Directed,3761,175
AUS,NFK,Directed,87,167
PHL,NLD,Directed,2383,167
GRC,PAN,Directed,1357,164
IND,ISR,Directed,1563,160
JPN,HRV,Directed,747,152
DNK,URY,Directed,928,148
BGR,IDN,Directed,1635,148
CHE,CPV,Directed,3593,148
LKA,CHE,Directed,3699,136
CHE,UGA,Directed,3709,132
THA,KWT,Directed,3770,132
IRL,ZWE,Directed,1799,128
CHN,LCA,Directed,2905,125
ABW,BRN,Directed,310,117
DNK,YEM,Directed,932,109
JAM,USA,Directed,1823,109
VEN,PRT,Directed,2707,109
CHE,AND,Directed,3570,109
JPN,LBR,Directed,1894,105
AUS,CHL,Directed,43,194
NZL,IRL,Directed,2473,101
NZL,VUT,Directed,2514,101
PER,COL,Directed,2578,101
AUS,FIN,Directed,973,97
GTM,DEU,Directed,1165,97
IRL,LKA,Directed,1786,97
ARG,CHE,Directed,3574,97
RUS,BRA,Directed,281,89
FRA,BRN,Directed,314,89
GRC,BEL,Directed,1310,89
THA,GAB,Directed,3750,89
MYS,NOR,Directed,2094,82
BRA,CPV,Directed,210,74
NLD,BHS,Directed,2250,74
ESP,BRN,Directed,323,66
NOR,MDG,Directed,2027,66
NZL,ARE,Directed,3997,66
NZL,JPN,Directed,2477,62
NZL,IRN,Directed,2472,60
SCG,ECU,Directed,962,55
CHE,BEN,Directed,3586,53
IRL,MYS,Directed,2077,50
CHE,BRB,Directed,3581,50
AUS,CCK,Directed,47,48
ESP,HND,Directed,3287,48
JPN,LCA,Directed,2913,47
JPN,DOM,Directed,1861,41
ISR,MEX,Directed,2177,37
EGY,COL,Directed,653,35
PAN,BRA,Directed,272,33
AUT,PRY,Directed,2552,25
NLD,MMR,Directed,2367,24
PER,ESP,Directed,3331,23
CSK,NZL,Directed,2458,22
VEN,LCA,Directed,2926,22
CHE,CAF,Directed,3598,14
CHE,JAM,Directed,3644,24
BOL,PRY,Directed,2553,10
CSK,USA,Directed,4062,4
SLV,KOR,Directed,2739,3
CHE,LTU,Directed,3652,3
