ARG,BRA,directed,1,50000
ARG,PRY,directed,2,3000
ARG,USA,directed,3,307062
ARG,URY,directed,4,14500
ARG,BRA,directed,5,10187
ARG,CHL,directed,6,500
ARG,USA,directed,7,494125
AUS,CHN,directed,8,383544
AUS,KIR,directed,9,1812
AUS,CHN,directed,10,8022479
AUS,ITA,directed,11,85980
AUS,KOR,directed,12,898
AUS,MYS,directed,13,16539
AUS,NZL,directed,14,101968
AUS,PNG,directed,15,1875
AUS,PHL,directed,16,43699
AUS,IND,directed,17,35843
AUS,SGP,directed,18,2937
AUS,GBR,directed,19,1062
AUS,USA,directed,20,1219392
AUS,USA,directed,21,698501
BRA,ARG,directed,22,12759
BRA,BOL,directed,23,2421
BRA,CHL,directed,24,121
BRA,ITA,directed,25,9062
BRA,PRY,directed,26,164503
BRA,USA,directed,27,330812
CAN,CHN,directed,28,721909
CAN,DEU,directed,29,46962
CAN,GHA,directed,30,6812
CAN,CHN,directed,31,13249176
CAN,IDN,directed,32,249375
CAN,ISR,directed,33,22824
CAN,ITA,directed,34,83249
CAN,JPN,directed,35,20
CAN,LBN,directed,36,51800
CAN,NGA,directed,37,92347
CAN,IND,directed,38,178761
CAN,VNM,directed,39,39906
CAN,GBR,directed,40,52609
CAN,USA,directed,41,45475778
CAN,CHN,directed,42,17003
CAN,RUS,directed,43,5875
CAN,IND,directed,44,103695
CAN,GBR,directed,45,181376
CAN,USA,directed,46,5635052
CHL,ARG,directed,47,20000
CHL,BOL,directed,48,3837
CHL,BRA,directed,49,85000
CHL,ARG,directed,50,13030
CHL,PRY,directed,51,359
CHN,MMR,directed,52,4000
CHN,CAN,directed,53,25468
CHN,ITA,directed,54,38949
CHN,JPN,directed,55,265156
CHN,MAC,directed,56,69296
CHN,PHL,directed,57,6000
CHN,VNM,directed,58,29648
CHN,SVN,directed,59,1812
CHN,GBR,directed,60,134250
CHN,USA,directed,61,1388977
CHN,KOR,directed,62,12312
CHN,MNG,directed,63,100000
CHN,CAN,directed,64,75993
CHN,DEU,directed,65,98199
CHN,IDN,directed,66,419000
CHN,ITA,directed,67,194374
CHN,JPN,directed,68,944122
CHN,KOR,directed,69,831951
CHN,MAC,directed,70,1207474
CHN,MYS,directed,71,758765
CHN,NLD,directed,72,285460
CHN,NGA,directed,73,96000
CHN,PAK,directed,74,18000
CHN,PHL,directed,75,2425959
CHN,IND,directed,76,67922
CHN,SGP,directed,77,120861
CHN,VNM,directed,78,282358
CHN,SWE,directed,79,153600
CHN,THA,directed,80,123201
CHN,TTO,directed,81,14374
CHN,UKR,directed,82,151202
CHN,USA,directed,83,3196575
MAC,CHN,directed,84,1036679
MAC,CHN,directed,85,39382
COL,USA,directed,86,47750
HRV,AUT,directed,87,12000
HRV,BIH,directed,88,143000
HRV,DEU,directed,89,12898
HRV,ITA,directed,90,103000
HRV,SVN,directed,91,123000
HRV,AUT,directed,92,1750
HRV,ITA,directed,93,390000
HRV,SVN,directed,94,43000
HRV,SVN,directed,95,14000
CYP,GRC,directed,96,43079
CZE,AUT,directed,97,1472319
CZE,DEU,directed,98,2951008
CZE,GRC,directed,99,207989
CZE,HUN,directed,100,332161
CZE,ITA,directed,101,151303
CZE,MAC,directed,102,16414
CZE,NLD,directed,103,111212
CZE,POL,directed,104,288319
CZE,PRT,directed,105,1375
CZE,SLE,directed,106,20101
CZE,IND,directed,107,43501
CZE,SVK,directed,108,371005
CZE,SVN,directed,109,29000
CZE,ESP,directed,110,46601
CZE,CHE,directed,111,36398
CZE,UKR,directed,112,209796
CZE,GBR,directed,113,2562
CZE,SCG,directed,114,18398
CZE,BGR,directed,115,218
CZE,DNK,directed,116,30789
CZE,DEU,directed,117,212032
CZE,HUN,directed,118,1125
CZE,ITA,directed,119,28128
CZE,NLD,directed,120,48964
CZE,SLE,directed,121,97
CZE,SVK,directed,122,178675
CZE,UKR,directed,123,89
CZE,AUT,directed,124,2000
CZE,DEU,directed,125,230197
CZE,ITA,directed,126,12812
CZE,NLD,directed,127,115060
CZE,SVK,directed,128,66042
DNK,AUT,directed,129,159183
DNK,BEL,directed,130,46628
DNK,CAN,directed,131,19609
DNK,CHN,directed,132,67465
DNK,FIN,directed,133,90079
DNK,DEU,directed,134,1524673
DNK,GRL,directed,135,608
DNK,CHN,directed,136,2354468
DNK,IRL,directed,137,83671
DNK,ITA,directed,138,19687
DNK,NLD,directed,139,2800916
DNK,NOR,directed,140,33907
DNK,PAK,directed,141,125159
DNK,POL,directed,142,70413
DNK,IND,directed,143,507185
DNK,SWE,directed,144,1101296
DNK,CHE,directed,145,38214
DNK,THA,directed,146,52363
DNK,ARE,directed,147,20718
DNK,EGY,directed,148,24000
DNK,GBR,directed,149,609226
DNK,USA,directed,150,516531
DNK,DEU,directed,151,53693
DNK,NOR,directed,152,9937
DNK,POL,directed,153,1750
DNK,FRO,directed,154,16632
DNK,NOR,directed,155,129802
DNK,SWE,directed,156,132921
FIN,CAN,directed,157,47453
FIN,DNK,directed,158,61948
FIN,DEU,directed,159,145343
FIN,CHN,directed,160,239925
FIN,NLD,directed,161,38710
FIN,NOR,directed,162,228917
FIN,PHL,directed,163,28746
FIN,RUS,directed,164,67128
FIN,SWE,directed,165,92880
FIN,USA,directed,166,179915
FIN,BEL,directed,167,78320
FIN,DEU,directed,168,1562
FIN,RUS,directed,169,1187
FIN,SWE,directed,170,3742440
DEU,AUS,directed,171,9500
DEU,AUT,directed,172,2247937
DEU,BEL,directed,173,17328488
DEU,BIH,directed,174,10687
DEU,BRA,directed,175,28987
DEU,BGR,directed,176,177101
DEU,BLR,directed,177,3125
DEU,CAN,directed,178,577500
DEU,CHL,directed,179,2000
DEU,CHN,directed,180,2876703
DEU,COL,directed,181,42800
DEU,HRV,directed,182,268443
DEU,CZE,directed,183,511262
DEU,DNK,directed,184,412898
DEU,FRO,directed,185,44199
DEU,FRA,directed,186,13560898
DEU,GRC,directed,187,4610149
DEU,CHN,directed,188,8921553
DEU,HUN,directed,189,318161
DEU,IDN,directed,190,1451812
DEU,IRN,directed,191,48898
DEU,IRL,directed,192,3287554
DEU,ISR,directed,193,181898
DEU,ITA,directed,194,15803788
DEU,JPN,directed,195,164042
DEU,KEN,directed,196,87500
DEU,KOR,directed,197,315300
DEU,LVA,directed,198,10125
DEU,MYS,directed,199,174296
DEU,MUS,directed,200,6812
DEU,NPL,directed,201,62398
DEU,NLD,directed,202,38770672
DEU,NOR,directed,203,550914
DEU,PAK,directed,204,1228375
DEU,PHL,directed,205,3525875
DEU,POL,directed,206,774312
DEU,PRT,directed,207,1126151
DEU,IND,directed,208,6744397
DEU,SGP,directed,209,560395
DEU,SVK,directed,210,94898
DEU,ESP,directed,211,4135244
DEU,SWE,directed,212,227599
DEU,CHE,directed,213,10718756
DEU,SYR,directed,214,96800
DEU,THA,directed,215,249698
DEU,UKR,directed,216,2877000
DEU,MKD,directed,217,7375
DEU,EGY,directed,218,192398
DEU,GBR,directed,219,1894068
DEU,USA,directed,220,13234316
DEU,AUT,directed,221,109300
DEU,BEL,directed,222,2909687
DEU,CZE,directed,223,43743
DEU,DNK,directed,224,85500
DEU,FIN,directed,225,31722
DEU,FRA,directed,226,543875
DEU,GRC,directed,227,170091
DEU,CHN,directed,228,67300
DEU,HUN,directed,229,47601
DEU,IRL,directed,230,3646812
DEU,ISR,directed,231,86000
DEU,ITA,directed,232,10008300
DEU,KOR,directed,233,32300
DEU,LTU,directed,234,97
DEU,MEX,directed,235,25500
DEU,MAR,directed,236,2125
DEU,NLD,directed,237,11381898
DEU,POL,directed,238,25898
DEU,PRT,directed,239,6074
DEU,RUS,directed,240,4187
DEU,IND,directed,241,29124
DEU,SVN,directed,242,139601
DEU,ESP,directed,243,451062
DEU,SWE,directed,244,98300
DEU,CHE,directed,245,191433
DEU,SYR,directed,246,159000
DEU,TUN,directed,247,131699
DEU,TUR,directed,248,322755
DEU,GBR,directed,249,4856954
DEU,USA,directed,250,2203093
DEU,AUT,directed,251,2500
DEU,BEL,directed,252,334875
DEU,HRV,directed,253,1875
DEU,CZE,directed,254,60915
DEU,DNK,directed,255,10375
DEU,FIN,directed,256,189903
DEU,FRA,directed,257,101699
DEU,GRC,directed,258,28093
DEU,HUN,directed,259,2000
DEU,ITA,directed,260,2007187
DEU,NLD,directed,261,250212
DEU,POL,directed,262,10125
DEU,PRT,directed,263,41585
DEU,ESP,directed,264,156962
DEU,SWE,directed,265,12343
DEU,CHE,directed,266,31446
DEU,TUN,directed,267,18101
DEU,TUR,directed,268,21974
DEU,MKD,directed,269,19300
DEU,GBR,directed,270,398937
DEU,USA,directed,271,701500
GRC,BEL,directed,272,148007
GRC,BGR,directed,273,11812
GRC,DEU,directed,274,46910
GRC,ITA,directed,275,48976
GRC,NLD,directed,276,209976
GRC,MKD,directed,277,296
GRC,USA,directed,278,162197
GRC,DEU,directed,279,17550
GRC,ITA,directed,280,124484
GRC,ITA,directed,281,60976
GTM,SLV,directed,282,685561
GTM,CRI,directed,283,2875
GTM,CRI,directed,284,5312
HUN,AUT,directed,285,300398
HUN,BEL,directed,286,33101
HUN,BGR,directed,287,20000
HUN,HRV,directed,288,7000
HUN,DEU,directed,289,85849
HUN,GRC,directed,290,47575
HUN,ITA,directed,291,2313625
HUN,SWE,directed,292,55300
HUN,CHE,directed,293,20000
HUN,MKD,directed,294,60000
HUN,GBR,directed,295,276212
HUN,USA,directed,296,13296
HUN,AUS,directed,297,18500
HUN,AUT,directed,298,739187
HUN,BEL,directed,299,18398
HUN,HRV,directed,300,10000
HUN,DEU,directed,301,201321
HUN,ITA,directed,302,404187
HUN,NLD,directed,303,76376
HUN,TUR,directed,304,292228
HUN,AUS,directed,305,52601
HUN,AUT,directed,306,857375
HUN,BEL,directed,307,22898
HUN,DEU,directed,308,157000
HUN,ISR,directed,309,10812
HUN,ITA,directed,310,73300
HUN,CHE,directed,311,38101
HUN,TUR,directed,312,13187
ISL,IRL,directed,313,10156
ISL,NLD,directed,314,357648
ISL,GBR,directed,315,58292
ISL,USA,directed,316,670999
IND,BHR,directed,317,17000
IND,LKA,directed,318,699
IND,CHN,directed,319,1241875
IND,JPN,directed,320,299812
IND,KOR,directed,321,147050
IND,SLE,directed,322,546
IND,ARE,directed,323,96500
IND,USA,directed,324,124617
IND,KOR,directed,325,10000
IND,MWI,directed,326,30769
IND,NLD,directed,327,83993
IND,ARE,directed,328,69898
IND,GBR,directed,329,29238
IND,TZA,directed,330,24343
IND,ITA,directed,331,40257
IND,MUS,directed,332,6687
IND,NLD,directed,333,17488
IDN,LKA,directed,334,3562
IDN,JPN,directed,335,2000
IDN,LBN,directed,336,29
IDN,PAK,directed,337,738
IDN,SGP,directed,338,481304
IDN,TUR,directed,339,1375
IDN,EGY,directed,340,3125
IDN,AUS,directed,341,60351
IDN,CHN,directed,342,147063
IDN,IRL,directed,343,115482
IDN,ITA,directed,344,20601
IDN,JPN,directed,345,458656
IDN,PHL,directed,346,100128
IDN,IND,directed,347,272562
IDN,GBR,directed,348,70000
IDN,USA,directed,349,596031
IDN,CHN,directed,350,121371
IDN,GBR,directed,351,20000
IRL,CHN,directed,352,6000
IRL,FRA,directed,353,6375
IRL,CHN,directed,354,1000
IRL,CHE,directed,355,57000
IRL,GBR,directed,356,688641
IRL,USA,directed,357,212624
IRL,BEL,directed,358,5000
IRL,NLD,directed,359,10812
IRL,PRT,directed,360,21558
IRL,GBR,directed,361,603937
IRL,SAU,directed,362,85056
JAM,USA,directed,363,40003
JPN,AUS,directed,364,525968
JPN,AUT,directed,365,1187
JPN,BEL,directed,366,104753
JPN,MMR,directed,367,12500
JPN,CAN,directed,368,380655
JPN,CHN,directed,369,21745693
JPN,DEU,directed,370,6343
JPN,CHN,directed,371,74259360
JPN,ISR,directed,372,16000
JPN,ITA,directed,373,97742
JPN,PRK,directed,374,148085
JPN,KOR,directed,375,6332182
JPN,MYS,directed,376,448223
JPN,PAK,directed,377,1670500
JPN,PHL,directed,378,456687
JPN,IND,directed,379,484961
JPN,SGP,directed,380,846935
JPN,VNM,directed,381,107906
JPN,THA,directed,382,143405
JPN,USA,directed,383,1105812
JPN,CHN,directed,384,312890
JPN,CHN,directed,385,332150
JPN,IDN,directed,386,7687
JPN,IRL,directed,387,115230
JPN,KOR,directed,388,799281
JPN,IND,directed,389,66049
JPN,THA,directed,390,45427
JPN,GBR,directed,391,20195
JPN,USA,directed,392,1399031
JPN,CHN,directed,393,7937
JPN,KOR,directed,394,55954
MYS,BRN,directed,395,449
MYS,MMR,directed,396,20589
MYS,CAN,directed,397,14109
MYS,CHN,directed,398,854568
MYS,FJI,directed,399,7125
MYS,CHN,directed,400,6091850
MYS,IDN,directed,401,4500
MYS,JPN,directed,402,17068
MYS,KOR,directed,403,20000
MYS,PHL,directed,404,9687
MYS,IND,directed,405,180871
MYS,SGP,directed,406,4601190
MYS,VNM,directed,407,51960
MYS,THA,directed,408,237031
MYS,ARE,directed,409,500
MYS,USA,directed,410,35909
MYS,CHN,directed,411,292625
MYS,SGP,directed,412,3125
MYS,CHN,directed,413,261000
MYS,JPN,directed,414,182000
MYS,IND,directed,415,92000
MYS,SGP,directed,416,86654
MUS,ESP,directed,417,7750
MUS,GBR,directed,418,93144
MEX,AUT,directed,419,1250
MEX,BRA,directed,420,41500
MEX,BLZ,directed,421,6000
MEX,VGB,directed,422,783937
MEX,CHN,directed,423,233833
MEX,CRI,directed,424,148
MEX,ECU,directed,425,154000
MEX,DEU,directed,426,129219
MEX,GTM,directed,427,53979
MEX,ITA,directed,428,125
MEX,NLD,directed,429,58226
MEX,ESP,directed,430,66003
MEX,GBR,directed,431,1302843
MEX,USA,directed,432,18222723
MEX,BRA,directed,433,621
MEX,CYM,directed,434,1285812
MEX,CHN,directed,435,60421
MEX,ECU,directed,436,18660
MEX,GTM,directed,437,1046
MEX,ITA,directed,438,196683
MEX,USA,directed,439,4860628
MEX,CUB,directed,440,296
MEX,USA,directed,441,36652
NLD,AGO,directed,442,35566
NLD,ARG,directed,443,410
NLD,AUS,directed,444,29233
NLD,AUT,directed,445,1165569
NLD,BHR,directed,446,16800
NLD,BGD,directed,447,14125
NLD,BEL,directed,448,22967868
NLD,BMU,directed,449,4
NLD,BLR,directed,450,2375
NLD,CAN,directed,451,532437
NLD,CHL,directed,452,16250
NLD,CHN,directed,453,13361910
NLD,CYP,directed,454,11312
NLD,DNK,directed,455,1442465
NLD,FIN,directed,456,265
NLD,FRA,directed,457,1833687
NLD,GAB,directed,458,10
NLD,DEU,directed,459,14831406
NLD,GRC,directed,460,513177
NLD,CHN,directed,461,52926895
NLD,HUN,directed,462,147660
NLD,ISL,directed,463,7038
NLD,IDN,directed,464,1796212
NLD,IRL,directed,465,15202184
NLD,ISR,directed,466,1712721
NLD,ITA,directed,467,4503320
NLD,CIV,directed,468,18000
NLD,JPN,directed,469,471250
NLD,KOR,directed,470,83902
NLD,LTU,directed,471,20000
NLD,MYS,directed,472,773159
NLD,MTQ,directed,473,37281
NLD,MUS,directed,474,2187
NLD,MEX,directed,475,14687
NLD,MAR,directed,476,24042
NLD,ANT,directed,477,2375
NLD,ABW,directed,478,15687
NLD,NZL,directed,479,13
NLD,NER,directed,480,2430675
NLD,NGA,directed,481,72281
NLD,NOR,directed,482,12882
NLD,PAK,directed,483,4632670
NLD,PAN,directed,484,13625
NLD,PHL,directed,485,8205464
NLD,POL,directed,486,309007
NLD,PRT,directed,487,2095
NLD,ROU,directed,488,19945
NLD,RUS,directed,489,497875
NLD,SAU,directed,490,1736531
NLD,SLE,directed,491,364187
NLD,IND,directed,492,8743743
NLD,SGP,directed,493,1266821
NLD,SVK,directed,494,172175
NLD,VNM,directed,495,1888812
NLD,ESP,directed,496,1022668
NLD,SUR,directed,497,265
NLD,SWE,directed,498,111888
NLD,CHE,directed,499,152778
NLD,SYR,directed,500,23632
NLD,THA,directed,501,269466
NLD,ARE,directed,502,362250
NLD,TUN,directed,503,1875
NLD,TUR,directed,504,357406
NLD,EGY,directed,505,107327
NLD,GBR,directed,506,7982102
NLD,USA,directed,507,15153132
NLD,VEN,directed,508,47515
NLD,AUT,directed,509,199
NLD,BEL,directed,510,756125
NLD,CAN,directed,511,6062
NLD,CZE,directed,512,1571702
NLD,FRA,directed,513,1358187
NLD,DEU,directed,514,5863180
NLD,GRC,directed,515,104533
NLD,CHN,directed,516,64773
NLD,HUN,directed,517,5812
NLD,IRL,directed,518,1600468
NLD,ITA,directed,519,1995687
NLD,JPN,directed,520,19198
NLD,JOR,directed,521,13500
NLD,MYS,directed,522,88000
NLD,MAR,directed,523,146455
NLD,ROU,directed,524,43910
NLD,RUS,directed,525,19648
NLD,IND,directed,526,651258
NLD,SVK,directed,527,6500
NLD,ESP,directed,528,64444
NLD,CHE,directed,529,43218
NLD,ARE,directed,530,8000
NLD,TUR,directed,531,164013
NLD,GBR,directed,532,1256312
NLD,USA,directed,533,295125
NLD,BEL,directed,534,191316
NLD,FRA,directed,535,26449
NLD,DEU,directed,536,1385437
NLD,CHN,directed,537,70878
NLD,IRL,directed,538,23234
NLD,ITA,directed,539,279437
NLD,ESP,directed,540,43860
NLD,CHE,directed,541,12937
NLD,GBR,directed,542,23081
NZL,AUS,directed,543,546776
NZL,CHN,directed,544,594046
NZL,FJI,directed,545,70
NZL,CHN,directed,546,97430
NZL,MYS,directed,547,58191
NZL,PAK,directed,548,10437
NZL,PHL,directed,549,17710
NIC,CRI,directed,550,156069
NIC,SLV,directed,551,2125
NIC,GTM,directed,552,4625
NOR,DNK,directed,553,829729
NOR,FIN,directed,554,193253
NOR,DEU,directed,555,586640
NOR,CHN,directed,556,469017
NOR,NLD,directed,557,8937
NOR,SWE,directed,558,1297468
NOR,GBR,directed,559,6375
NOR,USA,directed,560,389905
NOR,DNK,directed,561,14062
OMN,IND,directed,562,32453
OMN,ARE,directed,563,44000
PRY,BRA,directed,564,100000
PRT,CPV,directed,565,3000
PRT,FIN,directed,566,6484
PRT,DEU,directed,567,119810
PRT,ITA,directed,568,96000
PRT,ESP,directed,569,244928
PRT,USA,directed,570,244025
PRT,AGO,directed,571,1062
PRT,IRL,directed,572,291156
PRT,STP,directed,573,3000
PRT,IND,directed,574,44314
PRT,ESP,directed,575,95384
PRT,SWE,directed,576,11000
PRT,ESP,directed,577,3937
KOR,AZE,directed,578,468
KOR,CAN,directed,579,3312
KOR,CHN,directed,580,1371513
KOR,CHN,directed,581,11451042
KOR,IDN,directed,582,50000
KOR,JPN,directed,583,908030
KOR,LBN,directed,584,363
KOR,PAK,directed,585,575000
KOR,PHL,directed,586,101460
KOR,IND,directed,587,73092
KOR,THA,directed,588,28824
KOR,GBR,directed,589,173500
KOR,USA,directed,590,107001
KOR,CAN,directed,591,311671
KOR,JPN,directed,592,15820
KOR,IND,directed,593,3303577
KOR,VNM,directed,594,1125
KOR,ARE,directed,595,269
KOR,GBR,directed,596,1589937
KOR,USA,directed,597,482968
KOR,AUS,directed,598,10000
KOR,CHN,directed,599,179
KOR,IND,directed,600,90000
KOR,USA,directed,601,1254875
ROU,ITA,directed,602,40000
ROU,AUT,directed,603,77000
ROU,BEL,directed,604,79000
ROU,BGR,directed,605,3000
ROU,DEU,directed,606,94075
ROU,ITA,directed,607,241000
ROU,MDA,directed,608,11000
ROU,TUR,directed,609,587500
ROU,AUT,directed,610,12000
ROU,ITA,directed,611,66000
ROU,TUR,directed,612,15406
SAU,JOR,directed,613,77726
SAU,KWT,directed,614,70683
SAU,LBN,directed,615,72968
SAU,PAK,directed,616,9000
SAU,QAT,directed,617,76949
SAU,SYR,directed,618,134058
SAU,ARE,directed,619,888625
SAU,TUR,directed,620,4812
SAU,KWT,directed,621,1000
SGP,AUS,directed,622,73027
SGP,MMR,directed,623,3236023
SGP,CAN,directed,624,1265625
SGP,LKA,directed,625,45570
SGP,CHN,directed,626,794953
SGP,FRA,directed,627,1437
SGP,CHN,directed,628,7589448
SGP,IRN,directed,629,32000
SGP,ITA,directed,630,29480
SGP,JPN,directed,631,5142
SGP,KOR,directed,632,429
SGP,MDG,directed,633,25000
SGP,MYS,directed,634,24788099
SGP,PAK,directed,635,17550
SGP,PHL,directed,636,452500
SGP,POL,directed,637,11437
SGP,IND,directed,638,1151461
SGP,VNM,directed,639,69281
SGP,THA,directed,640,21640
SGP,ARE,directed,641,9187
SGP,GBR,directed,642,32328
SGP,USA,directed,643,991087
SGP,KHM,directed,644,1937
SGP,MYS,directed,645,215234
SGP,IND,directed,646,229375
SGP,THA,directed,647,14375
SGP,MYS,directed,648,74556
ESP,DZA,directed,649,11375
ESP,BEL,directed,650,140281
ESP,BRA,directed,651,2130984
ESP,FRA,directed,652,776804
ESP,DEU,directed,653,192729
ESP,CHN,directed,654,451646
ESP,IRL,directed,655,1099109
ESP,ITA,directed,656,52417
ESP,KOR,directed,657,234000
ESP,MAR,directed,658,6062
ESP,NLD,directed,659,155404
ESP,PHL,directed,660,5375
ESP,PRT,directed,661,658323
ESP,SAU,directed,662,978625
ESP,IND,directed,663,17321
ESP,USA,directed,664,2204874
ESP,DZA,directed,665,72466
ESP,ARG,directed,666,18000
ESP,BOL,directed,667,5250
ESP,CHL,directed,668,106286
ESP,COL,directed,669,1812
ESP,DOM,directed,670,8125
ESP,FRA,directed,671,130468
ESP,DEU,directed,672,210
ESP,ITA,directed,673,388812
ESP,LBN,directed,674,1562
ESP,MAR,directed,675,1862203
ESP,PRT,directed,676,140841
ESP,SYR,directed,677,20000
ESP,GBR,directed,678,3375
ESP,BEL,directed,679,6250
ESP,MAR,directed,680,29119
ESP,SWE,directed,681,78
ESP,TUR,directed,682,26929
LKA,SGP,directed,683,38177
LKA,DEU,directed,684,4860
LKA,JPN,directed,685,11544
LKA,GBR,directed,686,76503
LKA,USA,directed,687,619418
LKA,DEU,directed,688,9227
LKA,JPN,directed,689,3253
LKA,USA,directed,690,72492
SWE,AUT,directed,691,73000
SWE,DNK,directed,692,1971234
SWE,EST,directed,693,1000
SWE,FIN,directed,694,328272
SWE,FRA,directed,695,38000
SWE,DEU,directed,696,3443028
SWE,GRC,directed,697,64849
SWE,GIN,directed,698,3871
SWE,CHN,directed,699,2694348
SWE,IRN,directed,700,33000
SWE,IRL,directed,701,2375
SWE,ITA,directed,702,3704000
SWE,KOR,directed,703,140000
SWE,MYS,directed,704,23000
SWE,NLD,directed,705,217202
SWE,NGA,directed,706,4000
SWE,NOR,directed,707,592707
SWE,PHL,directed,708,439000
SWE,POL,directed,709,135000
SWE,PRT,directed,710,231460
SWE,RUS,directed,711,23000
SWE,IND,directed,712,43894
SWE,SGP,directed,713,276625
SWE,SVK,directed,714,2000
SWE,SVN,directed,715,1000
SWE,CHE,directed,716,21937
SWE,THA,directed,717,35971
SWE,GBR,directed,718,457417
SWE,USA,directed,719,894281
SWE,SCG,directed,720,14000
SWE,AUT,directed,721,1309
SWE,BEL,directed,722,24000
SWE,DNK,directed,723,3046
SWE,FIN,directed,724,12000
SWE,FRA,directed,725,20000
SWE,NOR,directed,726,3849
CHE,AUT,directed,727,156784
CHE,BEL,directed,728,117991
CHE,LKA,directed,729,1000
CHE,CZE,directed,730,35548
CHE,FIN,directed,731,13062
CHE,FRA,directed,732,1329131
CHE,DEU,directed,733,6572608
CHE,CHN,directed,734,205401
CHE,HUN,directed,735,19214
CHE,IRL,directed,736,238118
CHE,ITA,directed,737,8477186
CHE,NLD,directed,738,5911192
CHE,PRT,directed,739,374030
CHE,IND,directed,740,44473
CHE,SVN,directed,741,1000
CHE,ESP,directed,742,923165
CHE,SWE,directed,743,44
CHE,GBR,directed,744,46544
CHE,USA,directed,745,510155
CHE,AUT,directed,746,33394
CHE,BEL,directed,747,65027
CHE,FIN,directed,748,3250
CHE,FRA,directed,749,147203
CHE,DEU,directed,750,1977687
CHE,IRL,directed,751,907812
CHE,ITA,directed,752,3089500
CHE,IND,directed,753,36499
CHE,ESP,directed,754,147268
CHE,TUN,directed,755,30375
CHE,GBR,directed,756,16648
CHE,USA,directed,757,210531
CHE,FIN,directed,758,3500
CHE,FRA,directed,759,18691
CHE,DEU,directed,760,146064
CHE,ITA,directed,761,54378
CHE,SAU,directed,762,31
CHE,ESP,directed,763,43593
THA,AUT,directed,764,18000
THA,LKA,directed,765,2250
THA,CHN,directed,766,2100716
THA,DEU,directed,767,296
THA,CHN,directed,768,976254
THA,IDN,directed,769,30054
THA,JPN,directed,770,64636
THA,MYS,directed,771,5250
THA,PAK,directed,772,155218
THA,IND,directed,773,467141
THA,SGP,directed,774,72047
THA,CHE,directed,775,103027
THA,ARE,directed,776,39765
THA,USA,directed,777,184677
THA,CHN,directed,778,149605
THA,CHN,directed,779,377577
THA,JPN,directed,780,220000
THA,PHL,directed,781,49953
THA,IND,directed,782,29196
THA,SGP,directed,783,88240
THA,GBR,directed,784,16363
THA,PHL,directed,785,51945
THA,IND,directed,786,16013
TTO,USA,directed,787,46499
TTO,GUY,directed,788,117
TUN,ITA,directed,789,22320
TUR,CYP,directed,790,5375
TUR,DEU,directed,791,72628
TUR,GRC,directed,792,109
TUR,IRL,directed,793,923812
TUR,TKM,directed,794,324
TUR,MKD,directed,795,9000
TUR,IRN,directed,796,4000
TUR,NLD,directed,797,26405
TUR,USA,directed,798,257617
TUR,IRN,directed,799,25175
GBR,DZA,directed,800,7000
GBR,AUS,directed,801,23747
GBR,AUT,directed,802,1187
GBR,ARM,directed,803,17921
GBR,BEL,directed,804,166561
GBR,CAN,directed,805,171947
GBR,CYP,directed,806,2627
GBR,CZE,directed,807,42023
GBR,DNK,directed,808,72633
GBR,FRA,directed,809,2750
GBR,DEU,directed,810,1494471
GBR,GRC,directed,811,16104
GBR,CHN,directed,812,6529653
GBR,ISL,directed,813,15875
GBR,IDN,directed,814,6000
GBR,IRL,directed,815,2893316
GBR,ISR,directed,816,81183
GBR,ITA,directed,817,1929226
GBR,JPN,directed,818,11734
GBR,KEN,directed,819,72171
GBR,KWT,directed,820,17000
GBR,LBN,directed,821,718
GBR,LBY,directed,822,50039
GBR,MYS,directed,823,66253
GBR,MLT,directed,824,41933
GBR,OMN,directed,825,6312
GBR,NLD,directed,826,2308477
GBR,NZL,directed,827,487
GBR,NGA,directed,828,130000
GBR,NOR,directed,829,49963
GBR,PAK,directed,830,159000
GBR,PRT,directed,831,45413
GBR,QAT,directed,832,8125
GBR,RUS,directed,833,257
GBR,IND,directed,834,1909718
GBR,SGP,directed,835,319751
GBR,SWE,directed,836,48766
GBR,CHE,directed,837,17987
GBR,THA,directed,838,105440
GBR,ARE,directed,839,1187
GBR,TUR,directed,840,55600
GBR,EGY,directed,841,16000
GBR,USA,directed,842,10370409
GBR,ATG,directed,843,8625
GBR,AUS,directed,844,80869
GBR,AUT,directed,845,4062
GBR,BEL,directed,846,1113062
GBR,BOL,directed,847,17675
GBR,BRA,directed,848,13062
GBR,CAN,directed,849,214673
GBR,CHL,directed,850,399453
GBR,CHN,directed,851,60811
GBR,COL,directed,852,22416
GBR,CYP,directed,853,7937
GBR,BEN,directed,854,13750
GBR,DNK,directed,855,135859
GBR,ECU,directed,856,144988
GBR,ETH,directed,857,1687312
GBR,FJI,directed,858,5125
GBR,FIN,directed,859,879
GBR,FRA,directed,860,401125
GBR,DEU,directed,861,968718
GBR,GHA,directed,862,15437
GBR,GIB,directed,863,574
GBR,GRC,directed,864,470657
GBR,GTM,directed,865,21878
GBR,CHN,directed,866,90375
GBR,ISL,directed,867,1452
GBR,IRL,directed,868,1197968
GBR,ISR,directed,869,76183
GBR,ITA,directed,870,3104375
GBR,JPN,directed,871,35714
GBR,KEN,directed,872,1049062
GBR,KOR,directed,873,15950
GBR,MWI,directed,874,204218
GBR,MYS,directed,875,87810
GBR,MAR,directed,876,1895125
GBR,NPL,directed,877,17562
GBR,NLD,directed,878,416905
GBR,NZL,directed,879,104465
GBR,NGA,directed,880,359437
GBR,NOR,directed,881,781
GBR,PAK,directed,882,92710
GBR,PER,directed,883,10375
GBR,PRT,directed,884,760156
GBR,SAU,directed,885,24785
GBR,IND,directed,886,2781827
GBR,SVN,directed,887,7375
GBR,ZWE,directed,888,71765
GBR,ESP,directed,889,207234
GBR,SWE,directed,890,199
GBR,CHE,directed,891,62
GBR,THA,directed,892,40568
GBR,ARE,directed,893,65039
GBR,TUN,directed,894,8437
GBR,TUR,directed,895,18414
GBR,UGA,directed,896,51003
GBR,MKD,directed,897,3500
GBR,TZA,directed,898,506750
GBR,USA,directed,899,679250
GBR,ZMB,directed,900,313687
GBR,CAN,directed,901,20953
GBR,CHL,directed,902,38735
GBR,ETH,directed,903,142625
GBR,FRA,directed,904,10062
GBR,DEU,directed,905,62525
GBR,ITA,directed,906,3500
GBR,NLD,directed,907,6062
GBR,PRT,directed,908,89078
GBR,RUS,directed,909,636
GBR,IND,directed,910,50539
GBR,CHE,directed,911,5687
GBR,TUN,directed,912,15500
GBR,ZMB,directed,913,9250
USA,ATG,directed,914,1437
USA,ARG,directed,915,407269
USA,AUS,directed,916,218678
USA,BGD,directed,917,66631
USA,BEL,directed,918,2189499
USA,BRA,directed,919,2166252
USA,CAN,directed,920,32789413
USA,LKA,directed,921,16988
USA,CHL,directed,922,1200967
USA,CHN,directed,923,39932314
USA,COL,directed,924,175245
USA,COG,directed,925,10437
USA,CRI,directed,926,91476
USA,HRV,directed,927,13875
USA,DNK,directed,928,43878
USA,DMA,directed,929,34703
USA,DOM,directed,930,909354
USA,ECU,directed,931,307493
USA,SLV,directed,932,20769
USA,FRA,directed,933,33523
USA,DEU,directed,934,2458851
USA,GRC,directed,935,19500
USA,GTM,directed,936,245249
USA,GUY,directed,937,16500
USA,CHN,directed,938,136716718
USA,IDN,directed,939,1203012
USA,IRL,directed,940,180208
USA,ISR,directed,941,39620
USA,ITA,directed,942,6947371
USA,JAM,directed,943,31385
USA,JPN,directed,944,293650
USA,KOR,directed,945,794342
USA,MYS,directed,946,321083
USA,MEX,directed,947,4398123
USA,NLD,directed,948,396142
USA,NZL,directed,949,65
USA,NGA,directed,950,47203
USA,PAK,directed,951,240273
USA,PAN,directed,952,37539
USA,PRY,directed,953,300
USA,PER,directed,954,207
USA,PHL,directed,955,7352558
USA,POL,directed,956,27636
USA,RUS,directed,957,26117
USA,LCA,directed,958,35000
USA,SAU,directed,959,86083
USA,IND,directed,960,11983291
USA,SGP,directed,961,37509
USA,ESP,directed,962,1665
USA,SWE,directed,963,96234
USA,CHE,directed,964,166124
USA,SYR,directed,965,22679
USA,THA,directed,966,220368
USA,ARE,directed,967,17554
USA,TUN,directed,968,501562
USA,TUR,directed,969,374132
USA,EGY,directed,970,23140
USA,GBR,directed,971,597368
USA,VEN,directed,972,197175
USA,ARG,directed,973,257124
USA,AUS,directed,974,59421
USA,BRB,directed,975,44121
USA,BEL,directed,976,314687
USA,BOL,directed,977,464202
USA,BRA,directed,978,419175
USA,BLZ,directed,979,10937
USA,BGR,directed,980,17972
USA,BLR,directed,981,6375
USA,CAN,directed,982,12113717
USA,LKA,directed,983,7625
USA,CHL,directed,984,1949546
USA,CHN,directed,985,216101
USA,COL,directed,986,232338
USA,CRI,directed,987,461874
USA,BEN,directed,988,9062
USA,DNK,directed,989,24714
USA,DOM,directed,990,93675
USA,ECU,directed,991,195096
USA,SLV,directed,992,369875
USA,FIN,directed,993,215561
USA,FRA,directed,994,78761
USA,DEU,directed,995,1652327
USA,GHA,directed,996,153031
USA,GRC,directed,997,66578
USA,GTM,directed,998,899797
USA,GUY,directed,999,31375
USA,HTI,directed,1000,35988
USA,HND,directed,1001,777062
USA,CHN,directed,1002,8318713
USA,IDN,directed,1003,20292
USA,IRN,directed,1004,219343
USA,IRL,directed,1005,147273
USA,ISR,directed,1006,232613
USA,ITA,directed,1007,5289476
USA,CIV,directed,1008,12125
USA,JAM,directed,1009,40666
USA,JPN,directed,1010,520687
USA,KOR,directed,1011,64951
USA,MYS,directed,1012,25028
USA,MEX,directed,1013,1113984
USA,MAR,directed,1014,566820
USA,NLD,directed,1015,233495
USA,ANT,directed,1016,722
USA,NZL,directed,1017,2187
USA,NIC,directed,1018,252734
USA,NGA,directed,1019,921875
USA,PAK,directed,1020,71472
USA,PAN,directed,1021,224175
USA,PNG,directed,1022,5875
USA,PER,directed,1023,134093
USA,POL,directed,1024,12562
USA,PRT,directed,1025,80150
USA,ROU,directed,1026,228421
USA,RUS,directed,1027,105113
USA,SAU,directed,1028,8312
USA,SLE,directed,1029,12687
USA,IND,directed,1030,3640089
USA,ESP,directed,1031,2071140
USA,SWE,directed,1032,3625
USA,CHE,directed,1033,11062
USA,SYR,directed,1034,654375
USA,THA,directed,1035,25242
USA,TGO,directed,1036,31789
USA,TTO,directed,1037,82745
USA,ARE,directed,1038,47875
USA,TUR,directed,1039,2820859
USA,EGY,directed,1040,147359
USA,GBR,directed,1041,2743562
USA,BFA,directed,1042,8500
USA,URY,directed,1043,41156
USA,VEN,directed,1044,208878
USA,ZMB,directed,1045,29261
USA,AUS,directed,1046,362750
USA,CAN,directed,1047,1314577
USA,CZE,directed,1048,17824
USA,ECU,directed,1049,176500
USA,FIN,directed,1050,5562
USA,FRA,directed,1051,31804
USA,DEU,directed,1052,14859
USA,GRC,directed,1053,17097
USA,HND,directed,1054,5125
USA,CHN,directed,1055,241851
USA,ITA,directed,1056,735312
USA,CIV,directed,1057,86066
USA,JPN,directed,1058,9851
USA,KWT,directed,1059,10000
USA,MEX,directed,1060,1121873
USA,KNA,directed,1061,3124
USA,IND,directed,1062,762411
USA,ESP,directed,1063,90728
USA,SUR,directed,1064,15812
USA,TUR,directed,1065,217280
USA,GBR,directed,1066,11562
ESP,DZA,directed,1067,132058
BRA,ARG,directed,1068,12394
ITA,ARG,directed,1069,42
USA,ARG,directed,1070,394246
CHL,ARG,directed,1071,11249
COL,ARG,directed,1072,23402
ESP,ARG,directed,1073,18000
USA,ARG,directed,1074,176562
FJI,AUS,directed,1075,36039
JPN,AUS,directed,1076,524437
NZL,AUS,directed,1077,616940
SGP,AUS,directed,1078,51685
GBR,AUS,directed,1079,47124
USA,AUS,directed,1080,201286
GBR,AUS,directed,1081,61492
USA,AUS,directed,1082,41156
JPN,BGD,directed,1083,1312
KOR,BGD,directed,1084,2000
SGP,BGD,directed,1085,5625
ARE,BGD,directed,1086,20000
BRA,BOL,directed,1087,3281
CHL,BOL,directed,1088,2863
USA,BOL,directed,1089,454093
ARG,BRA,directed,1090,50000
BEL,BRA,directed,1091,33648
CHL,BRA,directed,1092,90000
DEU,BRA,directed,1093,51974
ITA,BRA,directed,1094,2000
MEX,BRA,directed,1095,61000
ESP,BRA,directed,1096,2086406
GBR,BRA,directed,1097,22179
USA,BRA,directed,1098,2271876
URY,BRA,directed,1099,79187
ARG,BRA,directed,1100,10187
USA,BRA,directed,1101,359538
URY,BRA,directed,1102,40000
USA,BRA,directed,1103,1937
MYS,BRN,directed,1104,716
SGP,BRN,directed,1105,20203
BEL,BDI,directed,1106,316
BEL,BDI,directed,1107,373500
BEL,CAN,directed,1108,219804
FRA,CAN,directed,1109,135644
DEU,CAN,directed,1110,1152625
CHN,CAN,directed,1111,24337
ITA,CAN,directed,1112,342937
JPN,CAN,directed,1113,342874
NLD,CAN,directed,1114,638750
SGP,CAN,directed,1115,1118000
SWE,CAN,directed,1116,17214
GBR,CAN,directed,1117,223610
USA,CAN,directed,1118,32234183
ITA,CAN,directed,1119,18750
KOR,CAN,directed,1120,503343
SWE,CAN,directed,1121,1062
GBR,CAN,directed,1122,190898
USA,CAN,directed,1123,11968323
USA,CAN,directed,1124,1325843
USA,CHL,directed,1125,1137569
MEX,CHL,directed,1126,60355
ESP,CHL,directed,1127,112572
GBR,CHL,directed,1128,477906
USA,CHL,directed,1129,1458281
GBR,CHL,directed,1130,36136
AUS,CHN,directed,1131,538316
BEL,CHN,directed,1132,2812249
BRA,CHN,directed,1133,212000
CAN,CHN,directed,1134,1002569
DNK,CHN,directed,1135,60310
FIN,CHN,directed,1136,30500
FRA,CHN,directed,1137,17578565
DEU,CHN,directed,1138,5524407
GRL,CHN,directed,1139,198214
IDN,CHN,directed,1140,125264
ITA,CHN,directed,1141,133553
JPN,CHN,directed,1142,37272615
KOR,CHN,directed,1143,1567464
MAC,CHN,directed,1144,1092599
MYS,CHN,directed,1145,1528672
MEX,CHN,directed,1146,281081
NLD,CHN,directed,1147,11827919
NZL,CHN,directed,1148,621031
NOR,CHN,directed,1149,47000
PAN,CHN,directed,1150,2250
PHL,CHN,directed,1151,496136
ROU,CHN,directed,1152,16000
RUS,CHN,directed,1153,103792
SAU,CHN,directed,1154,137761
IND,CHN,directed,1155,24000
SGP,CHN,directed,1156,1552531
SUR,CHN,directed,1157,23000
SWE,CHN,directed,1158,59941
THA,CHN,directed,1159,2239496
GBR,CHN,directed,1160,1513143
USA,CHN,directed,1161,75840567
YEM,CHN,directed,1162,50000
ITA,CHN,directed,1163,20300
JPN,CHN,directed,1164,358468
KOR,CHN,directed,1165,146433
MYS,CHN,directed,1166,92980
GBR,CHN,directed,1167,53573
JPN,CHN,directed,1168,7625
KOR,CHN,directed,1169,329750
RUS,CHN,directed,1170,228625
ARG,CHN,directed,1171,2105187
AUS,CHN,directed,1172,11141229
AUT,CHN,directed,1173,766897
BEL,CHN,directed,1174,27917623
BRA,CHN,directed,1175,6957875
CAN,CHN,directed,1176,16055921
DNK,CHN,directed,1177,2635999
DOM,CHN,directed,1178,261937
FIN,CHN,directed,1179,209340
FRA,CHN,directed,1180,17579627
DEU,CHN,directed,1181,12143255
GRC,CHN,directed,1182,138073
HUN,CHN,directed,1183,346500
IDN,CHN,directed,1184,164000
ISR,CHN,directed,1185,432000
ITA,CHN,directed,1186,1478503
JAM,CHN,directed,1187,54386
JPN,CHN,directed,1188,99154719
KOR,CHN,directed,1189,21767586
MAC,CHN,directed,1190,43887
MYS,CHN,directed,1191,6806928
MEX,CHN,directed,1192,8675492
NLD,CHN,directed,1193,54073522
NZL,CHN,directed,1194,144600
NOR,CHN,directed,1195,897532
PAK,CHN,directed,1196,663562
PHL,CHN,directed,1197,7139999
RUS,CHN,directed,1198,356757
SAU,CHN,directed,1199,33140214
SGP,CHN,directed,1200,9141559
SVN,CHN,directed,1201,72000
ESP,CHN,directed,1202,883493
SWE,CHN,directed,1203,3311696
THA,CHN,directed,1204,1556321
ARE,CHN,directed,1205,25160
UKR,CHN,directed,1206,273000
GBR,CHN,directed,1207,8634120
USA,CHN,directed,1208,196909750
IDN,CHN,directed,1209,124126
JPN,CHN,directed,1210,255550
KOR,CHN,directed,1211,18000
MYS,CHN,directed,1212,391250
PAK,CHN,directed,1213,1602062
PHL,CHN,directed,1214,1004937
IND,CHN,directed,1215,690000
THA,CHN,directed,1216,382343
USA,CHN,directed,1217,5572470
CHN,MAC,directed,1218,53247
CHN,MAC,directed,1219,291506
JPN,COL,directed,1220,6437
PAN,COL,directed,1221,10437
USA,COL,directed,1222,280555
VEN,COL,directed,1223,831592
GBR,COL,directed,1224,19923
USA,COL,directed,1225,185989
AUT,HRV,directed,1226,140000
DEU,HRV,directed,1227,437962
ITA,HRV,directed,1228,227000
SVN,HRV,directed,1229,333000
AUT,HRV,directed,1230,10000
BLR,HRV,directed,1231,10000
DEU,HRV,directed,1232,31000
ITA,HRV,directed,1233,92000
RUS,HRV,directed,1234,168000
SVN,HRV,directed,1235,16000
AUT,HRV,directed,1236,15000
ITA,HRV,directed,1237,81000
NLD,HRV,directed,1238,11000
SVN,HRV,directed,1239,2000
GRC,CYP,directed,1240,1812
ISR,CYP,directed,1241,937
GBR,CYP,directed,1242,1818
GRC,CYP,directed,1243,20
USA,CYP,directed,1244,324
AUT,CZE,directed,1245,178878
DEU,CZE,directed,1246,523924
ITA,CZE,directed,1247,1312
NLD,CZE,directed,1248,17296
SVK,CZE,directed,1249,1696561
CHE,CZE,directed,1250,58972
AUS,CZE,directed,1251,14625
AUT,CZE,directed,1252,280437
BEL,CZE,directed,1253,360312
FRA,CZE,directed,1254,18167
DEU,CZE,directed,1255,67287
ITA,CZE,directed,1256,2812
NLD,CZE,directed,1257,1533593
POL,CZE,directed,1258,16000
SVK,CZE,directed,1259,880000
ESP,CZE,directed,1260,19679
AUT,CZE,directed,1261,141855
DEU,CZE,directed,1262,56830
NLD,CZE,directed,1263,56828
RUS,CZE,directed,1264,25500
SVK,CZE,directed,1265,156316
AUT,DNK,directed,1266,5500
BEL,DNK,directed,1267,342749
CZE,DNK,directed,1268,4687
FRO,DNK,directed,1269,13312
FIN,DNK,directed,1270,113771
FRA,DNK,directed,1271,12300
DEU,DNK,directed,1272,669997
ISL,DNK,directed,1273,21421
NLD,DNK,directed,1274,1254185
NOR,DNK,directed,1275,978452
SVK,DNK,directed,1276,6312
SWE,DNK,directed,1277,2001468
CHE,DNK,directed,1278,55324
GBR,DNK,directed,1279,89708
USA,DNK,directed,1280,29402
FRA,DNK,directed,1281,54
SWE,DNK,directed,1282,4093
GBR,DNK,directed,1283,125343
FRA,DNK,directed,1284,2500
GBR,DNK,directed,1285,169347
USA,DMA,directed,1286,19539
DEU,ECU,directed,1287,503
USA,ECU,directed,1288,421823
GBR,ECU,directed,1289,122630
USA,ECU,directed,1290,143036
GBR,ECU,directed,1291,436500
BEL,FIN,directed,1292,9312
DNK,FIN,directed,1293,106769
DEU,FIN,directed,1294,8
JPN,FIN,directed,1295,50
LTU,FIN,directed,1296,7875
NOR,FIN,directed,1297,274325
PRT,FIN,directed,1298,6906
RUS,FIN,directed,1299,60878
SWE,FIN,directed,1300,314544
GBR,FIN,directed,1301,132
USA,FIN,directed,1302,128
BEL,FIN,directed,1303,30000
DNK,FIN,directed,1304,3062
DEU,FIN,directed,1305,37245
JPN,FIN,directed,1306,500
NLD,FIN,directed,1307,17972
POL,FIN,directed,1308,1937
GBR,FIN,directed,1309,982
USA,FIN,directed,1310,149935
FRA,FIN,directed,1311,898
DEU,FIN,directed,1312,129206
USA,GAB,directed,1313,10
AUT,DEU,directed,1314,1594163
BEL,DEU,directed,1315,3097698
BRA,DEU,directed,1316,1750
BLR,DEU,directed,1317,91500
CAN,DEU,directed,1318,48381
CHN,DEU,directed,1319,2500
HRV,DEU,directed,1320,12347
CZE,DEU,directed,1321,2817452
DNK,DEU,directed,1322,1362180
EST,DEU,directed,1323,8812
FIN,DEU,directed,1324,83921
FRA,DEU,directed,1325,5704437
CHN,DEU,directed,1326,47298
HUN,DEU,directed,1327,85199
IRL,DEU,directed,1328,16875
ISR,DEU,directed,1329,6812
ITA,DEU,directed,1330,3756987
JPN,DEU,directed,1331,11062
LVA,DEU,directed,1332,57800
MLT,DEU,directed,1333,97601
MEX,DEU,directed,1334,158579
NLD,DEU,directed,1335,12243208
NOR,DEU,directed,1336,607618
POL,DEU,directed,1337,767085
PRT,DEU,directed,1338,123773
RUS,DEU,directed,1339,1092687
IND,DEU,directed,1340,12000
SVK,DEU,directed,1341,113023
ESP,DEU,directed,1342,271927
SWE,DEU,directed,1343,3279056
CHE,DEU,directed,1344,7134280
TUR,DEU,directed,1345,55585
EGY,DEU,directed,1346,4375
GBR,DEU,directed,1347,1788197
USA,DEU,directed,1348,1704082
VEN,DEU,directed,1349,199
AUT,DEU,directed,1350,452187
BEL,DEU,directed,1351,5993101
BLR,DEU,directed,1352,3135687
CZE,DEU,directed,1353,235172
DNK,DEU,directed,1354,77946
EST,DEU,directed,1355,10312
FRA,DEU,directed,1356,1053812
HUN,DEU,directed,1357,249943
IDN,DEU,directed,1358,298687
IRN,DEU,directed,1359,1312
IRL,DEU,directed,1360,2312
ISR,DEU,directed,1361,4187
ITA,DEU,directed,1362,301312
KOR,DEU,directed,1363,20000
LVA,DEU,directed,1364,1421625
LTU,DEU,directed,1365,36000
MLT,DEU,directed,1366,41300
MEX,DEU,directed,1367,7125
NLD,DEU,directed,1368,4995912
POL,DEU,directed,1369,1660500
ROU,DEU,directed,1370,89150
RUS,DEU,directed,1371,2095812
IND,DEU,directed,1372,9687
SVK,DEU,directed,1373,216500
SVN,DEU,directed,1374,180000
SWE,DEU,directed,1375,13000
CHE,DEU,directed,1376,1905000
TUR,DEU,directed,1377,75500
UKR,DEU,directed,1378,262375
GBR,DEU,directed,1379,1186874
USA,DEU,directed,1380,1223343
AUT,DEU,directed,1381,479875
BEL,DEU,directed,1382,149898
BLR,DEU,directed,1383,12000
CAN,DEU,directed,1384,39101
CZE,DEU,directed,1385,292942
FIN,DEU,directed,1386,2253000
FRA,DEU,directed,1387,193601
HUN,DEU,directed,1388,245500
ITA,DEU,directed,1389,79601
NLD,DEU,directed,1390,1055062
POL,DEU,directed,1391,324375
RUS,DEU,directed,1392,154398
SVK,DEU,directed,1393,57500
ESP,DEU,directed,1394,20300
CHE,DEU,directed,1395,141476
GBR,DEU,directed,1396,124050
USA,DEU,directed,1397,14968
AUT,GRC,directed,1398,58000
BEL,GRC,directed,1399,436996
BGR,GRC,directed,1400,117155
CYP,GRC,directed,1401,42988
CZE,GRC,directed,1402,123994
FIN,GRC,directed,1403,20238
DEU,GRC,directed,1404,4857824
HUN,GRC,directed,1405,47576
ITA,GRC,directed,1406,12125
NLD,GRC,directed,1407,979993
NOR,GRC,directed,1408,38699
SWE,GRC,directed,1409,56699
GBR,GRC,directed,1410,31220
AUT,GRC,directed,1411,25339
BEL,GRC,directed,1412,18609
BIH,GRC,directed,1413,4437
BGR,GRC,directed,1414,9500
DNK,GRC,directed,1415,1500
FRA,GRC,directed,1416,7375
DEU,GRC,directed,1417,168688
HUN,GRC,directed,1418,20746
ITA,GRC,directed,1419,7312
JPN,GRC,directed,1420,519
NLD,GRC,directed,1421,104044
ESP,GRC,directed,1422,10125
MKD,GRC,directed,1423,23117
GBR,GRC,directed,1424,341628
FRA,GRC,directed,1425,1250
DEU,GRC,directed,1426,31089
GBR,GRD,directed,1427,437
ARG,GTM,directed,1428,710
CRI,GTM,directed,1429,19000
SLV,GTM,directed,1430,6437
HND,GTM,directed,1431,66519
ITA,GTM,directed,1432,59854
MEX,GTM,directed,1433,105958
ESP,GTM,directed,1434,18070
GBR,GTM,directed,1435,109
USA,GTM,directed,1436,330683
HND,GTM,directed,1437,3000
ITA,GTM,directed,1438,511
JPN,GTM,directed,1439,2062
MEX,GTM,directed,1440,1343
USA,GTM,directed,1441,677589
HND,GTM,directed,1442,5375
USA,GTM,directed,1443,10500
AUT,HUN,directed,1444,893687
CZE,HUN,directed,1445,191992
DEU,HUN,directed,1446,432029
ITA,HUN,directed,1447,500
JPN,HUN,directed,1448,2187
NLD,HUN,directed,1449,101107
RUS,HUN,directed,1450,7375
SVK,HUN,directed,1451,99500
DNK,ISL,directed,1452,97
NLD,ISL,directed,1453,4701
GBR,ISL,directed,1454,1843
AUS,IND,directed,1455,37671
AUT,IND,directed,1456,93230
BEL,IND,directed,1457,3486839
MMR,IND,directed,1458,33000
CAN,IND,directed,1459,222880
CHN,IND,directed,1460,46000
CZE,IND,directed,1461,32250
DNK,IND,directed,1462,412854
FRA,IND,directed,1463,320105
DEU,IND,directed,1464,9491940
CHN,IND,directed,1465,31267
ITA,IND,directed,1466,620519
JPN,IND,directed,1467,475161
KOR,IND,directed,1468,96431
KWT,IND,directed,1469,33628
MYS,IND,directed,1470,153581
MEX,IND,directed,1471,166000
OMN,IND,directed,1472,26906
NLD,IND,directed,1473,8896101
RUS,IND,directed,1474,19000
SGP,IND,directed,1475,1094721
ESP,IND,directed,1476,17214
SWE,IND,directed,1477,46789
CHE,IND,directed,1478,39913
THA,IND,directed,1479,394908
ARE,IND,directed,1480,1093374
GBR,IND,directed,1481,2560937
USA,IND,directed,1482,14599397
AUS,IND,directed,1483,13062
BEL,IND,directed,1484,298125
CAN,IND,directed,1485,149324
CHN,IND,directed,1486,634375
DNK,IND,directed,1487,19253
FRA,IND,directed,1488,39804
DEU,IND,directed,1489,32536
CHN,IND,directed,1490,104816
IDN,IND,directed,1491,274562
ITA,IND,directed,1492,580750
JPN,IND,directed,1493,61099
PRK,IND,directed,1494,430125
KOR,IND,directed,1495,3244093
MYS,IND,directed,1496,182804
MEX,IND,directed,1497,215632
MOZ,IND,directed,1498,43593
NLD,IND,directed,1499,456517
PRT,IND,directed,1500,44415
SAU,IND,directed,1501,35839
SGP,IND,directed,1502,282500
CHE,IND,directed,1503,31687
THA,IND,directed,1504,32034
GBR,IND,directed,1505,2079343
USA,IND,directed,1506,3829429
AUT,IND,directed,1507,9562
BEL,IND,directed,1508,14937
CHN,IND,directed,1509,8062
PRK,IND,directed,1510,4375
KOR,IND,directed,1511,64000
SGP,IND,directed,1512,4000
THA,IND,directed,1513,15300
USA,IND,directed,1514,521197
DEU,IDN,directed,1515,1305218
JPN,IDN,directed,1516,41847
NLD,IDN,directed,1517,2212370
USA,IDN,directed,1518,1252057
KOR,IDN,directed,1519,269
PHL,IDN,directed,1520,16472
POL,IDN,directed,1521,386
CHN,IDN,directed,1522,49000
KOR,IDN,directed,1523,597
BEL,IRL,directed,1524,614625
FRA,IRL,directed,1525,2450375
DEU,IRL,directed,1526,4901681
ISL,IRL,directed,1527,10359
IDN,IRL,directed,1528,30121
ITA,IRL,directed,1529,1804624
KEN,IRL,directed,1530,42050
KOR,IRL,directed,1531,54000
MEX,IRL,directed,1532,742375
NLD,IRL,directed,1533,12973396
NGA,IRL,directed,1534,305187
PAK,IRL,directed,1535,346875
POL,IRL,directed,1536,1007000
IND,IRL,directed,1537,81320
SVN,IRL,directed,1538,20933
ESP,IRL,directed,1539,1014343
SWE,IRL,directed,1540,2750
CHE,IRL,directed,1541,290412
THA,IRL,directed,1542,40000
TUR,IRL,directed,1543,809562
MKD,IRL,directed,1544,40000
GBR,IRL,directed,1545,5326223
TZA,IRL,directed,1546,18359
USA,IRL,directed,1547,120368
BEL,IRL,directed,1548,448125
FRA,IRL,directed,1549,753562
DEU,IRL,directed,1550,2951218
IDN,IRL,directed,1551,163223
ITA,IRL,directed,1552,566312
JPN,IRL,directed,1553,124644
KOR,IRL,directed,1554,20000
MEX,IRL,directed,1555,61468
NLD,IRL,directed,1556,1196187
PAK,IRL,directed,1557,28800
POL,IRL,directed,1558,718812
PRT,IRL,directed,1559,311562
IND,IRL,directed,1560,42007
ESP,IRL,directed,1561,474187
CHE,IRL,directed,1562,868812
TUR,IRL,directed,1563,442687
GBR,IRL,directed,1564,1459312
AUT,IRL,directed,1565,1625
CAN,JAM,directed,1566,62730
USA,JAM,directed,1567,21068
GBR,JAM,directed,1568,14187
USA,JAM,directed,1569,34052
CHN,JPN,directed,1570,134796
DNK,JPN,directed,1571,22000
FRA,JPN,directed,1572,22000
DEU,JPN,directed,1573,239876
IDN,JPN,directed,1574,2187
ITA,JPN,directed,1575,41843
KOR,JPN,directed,1576,1047624
MYS,JPN,directed,1577,18511
NLD,JPN,directed,1578,406833
SGP,JPN,directed,1579,9097
THA,JPN,directed,1580,72222
GBR,JPN,directed,1581,15156
USA,JPN,directed,1582,258467
CHN,JPN,directed,1583,207
IDN,JPN,directed,1584,540484
KOR,JPN,directed,1585,17329
MYS,JPN,directed,1586,288125
NLD,JPN,directed,1587,13632
USA,JPN,directed,1588,387562
IDN,JPN,directed,1589,82941
USA,JPN,directed,1590,6577
FRA,MDG,directed,1591,169605
FRA,MDG,directed,1592,7500
AUS,MYS,directed,1593,16808
BEL,MYS,directed,1594,199315
DNK,MYS,directed,1595,26511
FRA,MYS,directed,1596,184449
DEU,MYS,directed,1597,198845
CHN,MYS,directed,1598,821249
JPN,MYS,directed,1599,463052
KOR,MYS,directed,1600,118890
NLD,MYS,directed,1601,1010905
NZL,MYS,directed,1602,58191
PHL,MYS,directed,1603,28875
SAU,MYS,directed,1604,117
SGP,MYS,directed,1605,17825149
CHE,MYS,directed,1606,125
GBR,MYS,directed,1607,130694
USA,MYS,directed,1608,640542
JPN,MYS,directed,1609,1000
PAK,MYS,directed,1610,318000
SGP,MYS,directed,1611,157156
THA,MYS,directed,1612,33000
GBR,MYS,directed,1613,85207
USA,MYS,directed,1614,17378
CHN,MYS,directed,1615,2000
CHN,MYS,directed,1616,54000
JPN,MYS,directed,1617,47000
SGP,MYS,directed,1618,61371
THA,MYS,directed,1619,28000
USA,MYS,directed,1620,1000
MYS,MUS,directed,1621,14
DEU,MUS,directed,1622,3562
KOR,MUS,directed,1623,27800
CAN,MEX,directed,1624,19679
USA,MEX,directed,1625,5495186
USA,MEX,directed,1626,1005531
BRA,MEX,directed,1627,671
GBR,MEX,directed,1628,97
USA,MEX,directed,1629,810772
BEL,MAR,directed,1630,2562
FRA,MAR,directed,1631,28304
ITA,MAR,directed,1632,37601
JPN,MAR,directed,1633,20
BEL,MAR,directed,1634,371
BGR,MAR,directed,1635,52722
FRA,MAR,directed,1636,167628
ITA,MAR,directed,1637,193460
NLD,MAR,directed,1638,108173
ANT,MAR,directed,1639,20558
PRT,MAR,directed,1640,59542
RUS,MAR,directed,1641,60546
ESP,MAR,directed,1642,2058906
GBR,MAR,directed,1643,1808625
USA,MAR,directed,1644,448954
FRA,MAR,directed,1645,253
ESP,MAR,directed,1646,24371
CHE,MAR,directed,1647,20554
AUT,NLD,directed,1648,1577166
BEL,NLD,directed,1649,22463640
BGR,NLD,directed,1650,50710
MMR,NLD,directed,1651,10000
HRV,NLD,directed,1652,243390
CZE,NLD,directed,1653,79307
DNK,NLD,directed,1654,4143705
FRA,NLD,directed,1655,10441568
DEU,NLD,directed,1656,46029270
HUN,NLD,directed,1657,1484065
ISL,NLD,directed,1658,367347
IRL,NLD,directed,1659,284104
ISR,NLD,directed,1660,29187
ITA,NLD,directed,1661,1045738
JPN,NLD,directed,1662,57511
KOR,NLD,directed,1663,6562
MEX,NLD,directed,1664,58454
NOR,NLD,directed,1665,16187
POL,NLD,directed,1666,677573
PRT,NLD,directed,1667,53273
RUS,NLD,directed,1668,98572
SGP,NLD,directed,1669,5187
SVK,NLD,directed,1670,1202620
SVN,NLD,directed,1671,84046
ESP,NLD,directed,1672,187540
SUR,NLD,directed,1673,2562
SWE,NLD,directed,1674,280405
CHE,NLD,directed,1675,5980625
THA,NLD,directed,1676,45000
ARE,NLD,directed,1677,32500
TUR,NLD,directed,1678,9000
UKR,NLD,directed,1679,258250
GBR,NLD,directed,1680,2606088
USA,NLD,directed,1681,509286
AUT,NLD,directed,1682,25171
BEL,NLD,directed,1683,1579750
BLR,NLD,directed,1684,147417
CZE,NLD,directed,1685,30950
DNK,NLD,directed,1686,23070
FRA,NLD,directed,1687,418562
DEU,NLD,directed,1688,11339796
HUN,NLD,directed,1689,56715
IRL,NLD,directed,1690,10187
ITA,NLD,directed,1691,4000
LVA,NLD,directed,1692,20351
LTU,NLD,directed,1693,22199
POL,NLD,directed,1694,21710
RUS,NLD,directed,1695,150937
IND,NLD,directed,1696,115840
SGP,NLD,directed,1697,30273
SVK,NLD,directed,1698,62410
SVN,NLD,directed,1699,141160
CHE,NLD,directed,1700,10875
ARE,NLD,directed,1701,20203
TUR,NLD,directed,1702,31921
UKR,NLD,directed,1703,19851
GBR,NLD,directed,1704,419249
USA,NLD,directed,1705,193243
BLR,NLD,directed,1706,19800
CZE,NLD,directed,1707,117469
FIN,NLD,directed,1708,80472
DEU,NLD,directed,1709,189631
NOR,NLD,directed,1710,20074
RUS,NLD,directed,1711,81136
AUS,NZL,directed,1712,87519
GBR,NZL,directed,1713,468
USA,NZL,directed,1714,111
GBR,NZL,directed,1715,71560
CRI,NIC,directed,1716,18398
SLV,NIC,directed,1717,1875
GTM,NIC,directed,1718,226
BEL,NOR,directed,1719,597
DNK,NOR,directed,1720,34423
FIN,NOR,directed,1721,227589
FRA,NOR,directed,1722,48449
DEU,NOR,directed,1723,543715
ITA,NOR,directed,1724,16
NLD,NOR,directed,1725,14636
SWE,NOR,directed,1726,605415
GBR,NOR,directed,1727,34017
USA,NOR,directed,1728,1437
BEL,NOR,directed,1729,1187
PRT,NOR,directed,1730,38
SWE,NOR,directed,1731,2699
GBR,NOR,directed,1732,958
DNK,NOR,directed,1733,129803
ARE,OMN,directed,1734,9
PAK,OMN,directed,1735,12437
IND,OMN,directed,1736,250
ARG,PRY,directed,1737,3000
BRA,PRY,directed,1738,115591
BEL,PRT,directed,1739,277
CAN,PRT,directed,1740,136
FRA,PRT,directed,1741,1434189
DEU,PRT,directed,1742,1255020
ITA,PRT,directed,1743,65464
NLD,PRT,directed,1744,1076
ESP,PRT,directed,1745,909429
SWE,PRT,directed,1746,230921
CHE,PRT,directed,1747,374499
GBR,PRT,directed,1748,44993
BEL,PRT,directed,1749,411250
FRA,PRT,directed,1750,820
DEU,PRT,directed,1751,3048
GRC,PRT,directed,1752,1062
IRL,PRT,directed,1753,21558
ITA,PRT,directed,1754,22710
ESP,PRT,directed,1755,151851
GBR,PRT,directed,1756,714937
USA,PRT,directed,1757,66868
FRA,PRT,directed,1758,160
DEU,PRT,directed,1759,31778
ITA,PRT,directed,1760,6000
CAN,KOR,directed,1761,214
CHN,KOR,directed,1762,78324
DEU,KOR,directed,1763,335650
CHN,KOR,directed,1764,310171
JPN,KOR,directed,1765,6481457
PHL,KOR,directed,1766,180500
GBR,KOR,directed,1767,108277
USA,KOR,directed,1768,707506
LKA,KOR,directed,1769,89750
JPN,KOR,directed,1770,752640
GBR,KOR,directed,1771,12300
USA,KOR,directed,1772,54656
JPN,KOR,directed,1773,36076
FRA,ROU,directed,1774,33000
HUN,ROU,directed,1775,1842
ISR,ROU,directed,1776,2215
ITA,ROU,directed,1777,18000
LTU,ROU,directed,1778,2000
CYP,ROU,directed,1779,19000
DEU,ROU,directed,1780,1000
LTU,ROU,directed,1781,282000
USA,KNA,directed,1782,921
USA,LCA,directed,1783,23
BEL,SAU,directed,1784,1161125
CAN,SAU,directed,1785,7937
CYP,SAU,directed,1786,7000
FRA,SAU,directed,1787,35320
DEU,SAU,directed,1788,3939750
ITA,SAU,directed,1789,22600
JOR,SAU,directed,1790,67500
OMN,SAU,directed,1791,1250
NLD,SAU,directed,1792,1284828
SGP,SAU,directed,1793,30886
ARE,SAU,directed,1794,77984
GBR,SAU,directed,1795,122194
USA,SAU,directed,1796,172134
CHN,SAU,directed,1797,22851
ITA,SAU,directed,1798,167
KOR,SAU,directed,1799,2125
IND,SAU,directed,1800,15937
TUR,SAU,directed,1801,26648
GBR,SAU,directed,1802,22814
BEL,SAU,directed,1803,303875
IRL,SAU,directed,1804,118528
ITA,SAU,directed,1805,424750
JPN,SAU,directed,1806,11937
NLD,SAU,directed,1807,3250
PAK,SAU,directed,1808,7000
IND,SAU,directed,1809,193109
ESP,SAU,directed,1810,34652
THA,SAU,directed,1811,2187
TUR,SAU,directed,1812,247718
GBR,SAU,directed,1813,95441
USA,SAU,directed,1814,794375
AUS,SGP,directed,1815,3812
BGD,SGP,directed,1816,275750
BEL,SGP,directed,1817,227620
BRN,SGP,directed,1818,15687
LKA,SGP,directed,1819,60355
CHN,SGP,directed,1820,9187
FRA,SGP,directed,1821,14500
DEU,SGP,directed,1822,625636
CHN,SGP,directed,1823,48393
JPN,SGP,directed,1824,865166
KOR,SGP,directed,1825,59925
MYS,SGP,directed,1826,5423739
NLD,SGP,directed,1827,1421472
PHL,SGP,directed,1828,546
RUS,SGP,directed,1829,39000
SAU,SGP,directed,1830,200148
SWE,SGP,directed,1831,283250
THA,SGP,directed,1832,143611
GBR,SGP,directed,1833,368015
USA,SGP,directed,1834,62706
JPN,SGP,directed,1835,10000
MYS,SGP,directed,1836,3187
NLD,SGP,directed,1837,8062
THA,SGP,directed,1838,147910
KOR,SGP,directed,1839,97
MYS,SGP,directed,1840,92981
THA,SGP,directed,1841,23714
AND,ESP,directed,1842,21390
AUT,ESP,directed,1843,21199
BEL,ESP,directed,1844,506729
CZE,ESP,directed,1845,46601
FRA,ESP,directed,1846,7148627
DEU,ESP,directed,1847,5035779
ITA,ESP,directed,1848,11250
MLT,ESP,directed,1849,121921
NLD,ESP,directed,1850,803876
PRT,ESP,directed,1851,138225
CHE,ESP,directed,1852,735866
GBR,ESP,directed,1853,106702
USA,ESP,directed,1854,1917
VEN,ESP,directed,1855,20011
BEL,ESP,directed,1856,548125
FRA,ESP,directed,1857,1261812
DEU,ESP,directed,1858,438249
IDN,ESP,directed,1859,7437
ITA,ESP,directed,1860,72429
JPN,ESP,directed,1861,179
MEX,ESP,directed,1862,17789
NLD,ESP,directed,1863,60805
PRT,ESP,directed,1864,131102
SAU,ESP,directed,1865,5937
IND,ESP,directed,1866,111406
CHE,ESP,directed,1867,156095
THA,ESP,directed,1868,1125
GBR,ESP,directed,1869,375343
USA,ESP,directed,1870,1611968
AUT,ESP,directed,1871,60695
BEL,ESP,directed,1872,23820
CZE,ESP,directed,1873,20214
FIN,ESP,directed,1874,20546
FRA,ESP,directed,1875,20117
DEU,ESP,directed,1876,157643
NLD,ESP,directed,1877,32894
CHE,ESP,directed,1878,44081
GBR,ESP,directed,1879,17679
USA,ESP,directed,1880,73778
BEL,LKA,directed,1881,482
CHN,LKA,directed,1882,20555
ITA,LKA,directed,1883,450
KOR,LKA,directed,1884,139337
NLD,LKA,directed,1885,25000
GBR,LKA,directed,1886,8094
CHN,LKA,directed,1887,793
BEL,LKA,directed,1888,11937
CHN,LKA,directed,1889,1187
BEL,SWE,directed,1890,23000
DNK,SWE,directed,1891,1110148
FIN,SWE,directed,1892,70440
DEU,SWE,directed,1893,326299
ITA,SWE,directed,1894,17000
NLD,SWE,directed,1895,57944
NOR,SWE,directed,1896,1373734
GBR,SWE,directed,1897,61177
USA,SWE,directed,1898,65328
BEL,SWE,directed,1899,4000
DNK,SWE,directed,1900,33000
FIN,SWE,directed,1901,81000
DNK,SWE,directed,1902,130960
FIN,SWE,directed,1903,1880720
DEU,SWE,directed,1904,16171
AUT,CHE,directed,1905,1208487
BEL,CHE,directed,1906,45726
DNK,CHE,directed,1907,56134
FRA,CHE,directed,1908,436635
DEU,CHE,directed,1909,14068422
ITA,CHE,directed,1910,174784
KOR,CHE,directed,1911,13000
LTU,CHE,directed,1912,14000
NLD,CHE,directed,1913,117402
POL,CHE,directed,1914,18558
RUS,CHE,directed,1915,52000
SWE,CHE,directed,1916,22405
GBR,CHE,directed,1917,21038
USA,CHE,directed,1918,125714
AUT,CHE,directed,1919,107957
BEL,CHE,directed,1920,99312
FRA,CHE,directed,1921,170546
DEU,CHE,directed,1922,214400
ITA,CHE,directed,1923,110960
AUT,CHE,directed,1924,109789
FRA,CHE,directed,1925,19937
DEU,CHE,directed,1926,31269
NLD,CHE,directed,1927,12937
DEU,THA,directed,1928,293647
CHN,THA,directed,1929,55374
JPN,THA,directed,1930,180889
MYS,THA,directed,1931,136515
NLD,THA,directed,1932,212076
SGP,THA,directed,1933,19870
SWE,THA,directed,1934,44457
GBR,THA,directed,1935,163814
USA,THA,directed,1936,184272
FRA,THA,directed,1937,20
IDN,THA,directed,1938,46031
JPN,THA,directed,1939,43211
KOR,THA,directed,1940,317062
NLD,THA,directed,1941,26000
PHL,THA,directed,1942,15250
GBR,THA,directed,1943,38845
IDN,THA,directed,1944,49515
KOR,THA,directed,1945,59839
GBR,THA,directed,1946,9937
USA,TTO,directed,1947,79425
USA,TTO,directed,1948,55398
FRA,TUN,directed,1949,20050
ITA,TUN,directed,1950,6375
ITA,TUN,directed,1951,2424312
DEU,TUR,directed,1952,579921
JPN,TUR,directed,1953,7500
BEL,TUR,directed,1954,232312
BGR,TUR,directed,1955,1455062
BLR,TUR,directed,1956,34179
GEO,TUR,directed,1957,191675
DEU,TUR,directed,1958,404783
HUN,TUR,directed,1959,244436
IRN,TUR,directed,1960,58003
ITA,TUR,directed,1961,48113
KOR,TUR,directed,1962,90000
LTU,TUR,directed,1963,19964
NLD,TUR,directed,1964,217475
PAK,TUR,directed,1965,378687
ROU,TUR,directed,1966,576750
RUS,TUR,directed,1967,1063875
ESP,TUR,directed,1968,231863
CHE,TUR,directed,1969,20000
MKD,TUR,directed,1970,93347
GBR,TUR,directed,1971,17614
USA,TUR,directed,1972,2476343
DEU,TUR,directed,1973,13612
ROU,TUR,directed,1974,13109
USA,TUR,directed,1975,146499
AUT,GBR,directed,1976,2375
BEL,GBR,directed,1977,473225
BRA,GBR,directed,1978,419812
CAN,GBR,directed,1979,78634
FRA,GBR,directed,1980,240956
DEU,GBR,directed,1981,2460840
CHN,GBR,directed,1982,179
HUN,GBR,directed,1983,336918
IRL,GBR,directed,1984,987544
ITA,GBR,directed,1985,414431
JPN,GBR,directed,1986,60851
KOR,GBR,directed,1987,220250
MEX,GBR,directed,1988,1212421
NLD,GBR,directed,1989,6079443
NGA,GBR,directed,1990,194425
PRT,GBR,directed,1991,210
RUS,GBR,directed,1992,12437
SWE,GBR,directed,1993,419126
CHE,GBR,directed,1994,60402
USA,GBR,directed,1995,589300
BEL,GBR,directed,1996,1152625
BGR,GBR,directed,1997,59875
CAN,GBR,directed,1998,205672
CPV,GBR,directed,1999,10875
CYP,GBR,directed,2000,34421
FRA,GBR,directed,2001,282562
DEU,GBR,directed,2002,5125482
CHN,GBR,directed,2003,87671
IDN,GBR,directed,2004,65000
IRL,GBR,directed,2005,565906
ITA,GBR,directed,2006,623062
JPN,GBR,directed,2007,30193
KOR,GBR,directed,2008,1765406
MLT,GBR,directed,2009,217632
NLD,GBR,directed,2010,1084218
PAK,GBR,directed,2011,19957
POL,GBR,directed,2012,38996
PRT,GBR,directed,2013,476
IND,GBR,directed,2014,39919
SWE,GBR,directed,2015,1312
CHE,GBR,directed,2016,19503
USA,GBR,directed,2017,2456437
BEL,GBR,directed,2018,12312
FIN,GBR,directed,2019,16683
FRA,GBR,directed,2020,1500
DEU,GBR,directed,2021,397656
NLD,GBR,directed,2022,23157
USA,GBR,directed,2023,9562
ARG,USA,directed,2024,304156
AUS,USA,directed,2025,1696821
AUT,USA,directed,2026,625375
BEL,USA,directed,2027,6481440
BRA,USA,directed,2028,303812
BGR,USA,directed,2029,22433
CAN,USA,directed,2030,45451154
CHN,USA,directed,2031,948582
COL,USA,directed,2032,47750
CRI,USA,directed,2033,10812
CZE,USA,directed,2034,91378
DNK,USA,directed,2035,443609
FIN,USA,directed,2036,178353
FRA,USA,directed,2037,7838968
DEU,USA,directed,2038,19775774
GRC,USA,directed,2039,213098
CHN,USA,directed,2040,1557123
HUN,USA,directed,2041,6995
ISL,USA,directed,2042,660655
IDN,USA,directed,2043,383312
IRL,USA,directed,2044,282530
ISR,USA,directed,2045,79906
ITA,USA,directed,2046,15535483
CIV,USA,directed,2047,7875
JAM,USA,directed,2048,1687
JPN,USA,directed,2049,1272705
KOR,USA,directed,2050,118951
MYS,USA,directed,2051,26452
MUS,USA,directed,2052,33968
MEX,USA,directed,2053,19080413
MOZ,USA,directed,2054,44
NLD,USA,directed,2055,13441808
NZL,USA,directed,2056,10000
NER,USA,directed,2057,115546
NOR,USA,directed,2058,451889
PHL,USA,directed,2059,74
POL,USA,directed,2060,456062
PRT,USA,directed,2061,283075
SAU,USA,directed,2062,1562
SYC,USA,directed,2063,15437
IND,USA,directed,2064,154808
SGP,USA,directed,2065,994199
SVK,USA,directed,2066,91839
SVN,USA,directed,2067,164113
ESP,USA,directed,2068,2232343
SWE,USA,directed,2069,910921
CHE,USA,directed,2070,567921
THA,USA,directed,2071,172983
TTO,USA,directed,2072,36995
UKR,USA,directed,2073,166386
EGY,USA,directed,2074,357875
GBR,USA,directed,2075,10438434
URY,USA,directed,2076,93164
ARG,USA,directed,2077,539812
AUS,USA,directed,2078,601000
BEL,USA,directed,2079,139113
CAN,USA,directed,2080,5635223
CRI,USA,directed,2081,19152
FRA,USA,directed,2082,367375
DEU,USA,directed,2083,2008327
IDN,USA,directed,2084,708015
ISR,USA,directed,2085,468000
ITA,USA,directed,2086,2062
JPN,USA,directed,2087,1402234
KOR,USA,directed,2088,595671
MEX,USA,directed,2089,4653772
NLD,USA,directed,2090,298000
RUS,USA,directed,2091,171937
IND,USA,directed,2092,34929
SVN,USA,directed,2093,59425
CHE,USA,directed,2094,213992
TUR,USA,directed,2095,254550
GBR,USA,directed,2096,799937
AUT,USA,directed,2097,51285
ITA,USA,directed,2098,1750
MEX,USA,directed,2099,42501
GBR,USA,directed,2100,177167
